,Gal11 MaxValue
PAU8,0.183777
SEO1,0.0375977
FLO9,1.526
GDH3,0.33783
BDH1,0.863525
ECM1,0.0712891
CNE1,0.187622
GPB2,0.0908907
PEX22,0.0136719
FLC2,0.991089
ACS1,0.991089
OAF1,0.567017
AIM2,0.143921
GEM1,0.0429077
SPC72,0.137207
BOL3,0.14917
GCV3,0.412598
ERV46,0.222595
PTA1,0.222595
CDC24,0.177002
CLN3,2.68091
CYC3,1.54388
CDC19,3.34167
FUN12,0.274414
RBG1,0.274414
MTW1,0.13562
POP5,0.173401
FUN19,0.173401
PRP45,0.134216
SNC1,-0.0264282
GIP4,-0.00518799
FRT2,0.660522
MYO4,0.660522
SAW1,-0.0288086
DRS2,0.274719
MAK16,0.0910034
LTE1,0.0402916
PMT2,0.415894
FUN26,0.229797
CCR4,0.22699
FUN30,0.33313
ATS1,0.33313
PSK1,0.168518
LDS1,0.168518
TPD3,-0.0391846
NTG1,0.23291
DEP1,0.242004
SYN8,0.242004
CYS3,0.71759
SWC3,0.34021
SPO7,0.134094
MDM10,0.134094
FUN14,0.216919
ERP2,0.29187
EFB1,4.34277
SSA1,4.34277
VPS8,0.598389
TFC3,0.259827
NUP60,0.259827
SWD1,0.276672
ERP1,0.276672
SEN34,0.0610962
RFA1,0.0610962
ADE1,0.313477
BUD14,0.313477
KIN3,0.143372
CDC15,-0.0311279
PAU7,0.048584
UIP3,0.659424
PRM9,-0.103088
MST28,0.00909712
YAT1,0.593079
SWH1,0.612793
FLO1,0.253906
PAU9,-0.101074
MIX23,0.1745
SRO77,-0.0377808
PKC1,0.147583
SEA4,0.0546265
SFT2,0.284912
RTG3,0.284912
ECM21,0.460083
ATP1,0.6568
BNA4,0.16217
BRN1,0.146973
RPL32,0.395386
ROX3,0.395386
SCS22,0.169189
MRP21,0.0941162
AVT5,0.163879
MAP2,0.163879
TEL1,0.38739
RPL23A,1.18121
BOI1,0.211914
CDC27,0.191406
ALG3,0.293213
NUP170,0.295788
PET112,0.295788
ATG8,0.258484
ILS1,0.668823
SSA3,0.273376
AAR2,1.21118
KTI11,0.528381
RPS8A,0.528381
AST1,0.481384
PRS4,0.227722
UBP13,0.198181
SEF1,0.0770466
KIP1,0.69281
PRX1,0.69281
YEL1,0.387207
SKT5,0.387207
SHP1,0.164001
CMC2,0.164001
PTC3,0.298218
PTH2,0.298218
TOD6,0.610779
YBL055C,0.610779
SAS3,0.166199
SEC17,0.191589
PIN4,0.185913
MOH1,0.0114136
PSY4,0.200195
EDE1,0.200195
ECM13,2.0661
COR1,2.0661
PRE7,3.97852
FUI1,3.97852
ERD2,0.271301
MRPL16,0.861511
URA7,0.861511
APL3,0.277222
YBL036C,0.179504
POL12,0.134583
STU1,0.207825
HEK2,1.06549
RIB1,1.06549
SHE1,0.0969238
PET9,1.36682
YBL029C-A,3.10022
RPL19B,0.497009
YBL028C,0.515198
LSM2,0.297424
RRN10,0.203613
NCL1,0.253723
MCM2,0.237427
PIM1,0.264221
RFT1,0.264221
HAP3,0.173279
APN2,0.0844727
POP8,0.0969849
FUS3,0.601318
PEP1,0.601318
ACH1,0.436279
FMT1,0.171875
RRN6,0.633179
SCT1,0.558228
ALK2,0.157294
HIR1,0.0784302
PDR3,1.32068
SLA1,1.32068
LDB7,1.32068
UTP20,0.812012
HTB2,4.15112
HTA2,4.15112
ECM15,0.19043
NTH2,0.164001
COQ1,0.293396
RER2,0.292908
RCR1,0.117126
GPI18,0.117126
UGA2,0.0808716
DSF2,1.09277
FLR1,0.450806
HHT1,3.8634
HHF1,3.8634
IPP1,0.557689
GRX7,0.219177
YBR016W,0.376892
MNN2,0.376892
KAP104,0.0172119
GAL7,0.0192871
GAL1,0.344116
GAL10,0.344116
FUR4,1.00648
POA1,0.178594
CHS3,0.508423
SCO2,0.155579
OLA1,1.4408
ETR1,-0.0183716
YPK3,0.18512
RKM3,0.374329
CDS1,0.374329
RPL4A,0.765625
HMT1,0.512329
PDX3,0.508118
CSG2,0.39563
CHS2,0.70929
SCO1,0.70929
ATP3,0.172974
FIG1,0.0831299
FAT1,0.0523071
CST26,0.0744019
QDR3,1.828
TCM62,0.228882
GIP1,0.0629272
ZTA1,0.41803
RPS11B,0.496521
REB1,0.624878
REG2,0.248291
RFS1,0.21582
YRO2,0.554504
YBR056W,0.205505
PRP6,0.205505
MUM2,0.353699
UBP14,0.166809
TSC3,0.166809
AKL1,0.294128
ORC2,0.411499
TRM7,0.0858154
ECM2,0.190308
NRG2,1.0473
TIP1,2.22711
BAP2,2.97229
TAT1,1.66718
YBR071W,1.17383
ALG14,1.17383
HSP26,0.833923
RDH54,0.143677
PFF1,0.154785
ECM8,-0.010376
ECM33,2.69983
SLM4,2.69983
RPG1,0.302612
SEC18,0.0328979
SPT7,0.328186
UBC4,1.3053
TEC1,3.82709
MIS1,0.343689
AAC3,0.446411
RPL19A,0.446411
YBR085C-A,1.23792
RFC5,0.400208
IST2,0.400208
POL30,0.303894
NHP6B,0.598877
TIM12,0.395887
PHO3,0.873596
PBY1,0.701294
PHO5,0.701294
RXT2,0.176208
VPS15,0.0814819
MMS4,-0.0952759
FES1,2.10773
SIF2,0.0612183
EXO84,0.0612183
YMC2,0.606018
SND3,1.92651
VID24,1.92651
AIM3,0.151428
IML3,0.151428
ALG1,0.212097
CMD1,0.212097
SUS1,0.298523
YSA1,0.298523
CYC8,2.71368
RAD16,2.71368
LYS2,1.85651
TKL2,2.24152
TEF2,2.29437
MUD1,0.792725
CBP6,0.127991
GRS1,0.312073
MRPL36,0.193726
TFC1,0.117615
PTC4,0.00750732
TPS1,0.12738
VMA2,0.159912
ATG14,0.0427856
OPY1,0.235413
CCZ1,0.0620864
SHE3,0.059021
AGP2,0.120483
CKS1,0.927917
HSL7,0.927917
MEC1,0.805603
YBR137W,0.570618
ATG42,0.349121
IRA1,0.210205
MAK5,0.246521
BMT2,0.246521
SUP45,0.345093
ADH5,0.320007
MRPS9,0.065918
RTC2,0.295776
YSW1,-0.0748901
ARA1,0.268677
APD1,1.39948
TBS1,1.39948
SPP381,0.121704
RIB7,0.29187
CNS1,0.404419
RPB5,0.404419
SLI15,-0.0178223
ICS2,2.24628
AMN1,4.14423
IFA38,0.214186
CDC28,0.0836182
CSH1,0.567017
YSY6,2.315
EXO5,2.315
TOS1,2.315
UBS1,0.236023
ARL1,0.236023
TYR1,0.287292
PEX32,0.277893
POP7,0.0576172
SSE2,0.504517
SEC66,0.1651
NPL4,0.143372
SWD3,0.381287
SMY2,0.381287
UMP1,0.23999
ECM31,0.132324
EHT1,0.933411
DTR1,0.333313
FZO1,0.333313
RPS6B,0.54718
SMP1,0.907227
YPC1,0.907227
PCH2,0.138611
MBA1,0.138611
GDT1,0.532898
RPS9B,0.968689
NTC20,0.968689
RPL21A,0.489807
RIM2,0.401001
AIM4,0.198303
MED8,0.198303
MSI1,0.484985
PGI1,2.41687
YBR197C,0.381287
KTR4,0.23938
TAF5,0.23938
BEM1,0.0192261
DER1,0.176575
MCM7,1.8042
COS111,0.93103
KTR3,0.144714
LDH1,0.144714
FTH1,0.245728
"DUR1,2",1.56488
ERV15,0.214478
NGR1,0.19519
AME1,0.19519
MET8,0.0531006
SDS24,0.307312
HPC2,0.0012207
ATG12,0.143494
YBP1,0.143494
PYC2,1.49823
PDB1,0.474426
PCS60,0.190613
TDP1,0.050415
SLX1,0.167908
MCX1,0.167908
ROT2,0.460022
OM14,0.693726
PBP2,0.27002
SWC5,0.239685
DAD3,-0.0137939
VHC1,0.183716
ARC40,0.183716
PRP5,-0.00109863
ABD1,0.0748901
YBR238C,1.48401
THI2,0.177673
GPX2,0.200623
ALG7,0.200623
RRT2,0.0734253
ISW1,0.0311279
ENP1,0.240723
HIS7,0.467102
SPO23,1.13318
ARO4,1.13318
MRPS5,-0.0126953
DUT1,0.0145264
SRB6,0.16333
MTC4,0.103088
TRS20,-0.0211792
POP4,0.359802
RIB5,0.359802
YBR259W,0.232727
SHG1,0.102722
RGD1,0.237915
SHM1,0.280396
TAE1,0.280396
MIC12,0.280396
TSC10,0.291992
YPT10,0.203979
REI1,0.311096
MRPL37,0.150024
EFM2,0.101074
HSM3,0.232727
CHK1,-0.00579834
UBX7,0.00409468
RIF1,0.106201
DPB3,0.132507
PPS1,0.380493
PAF1,0.530029
SAF1,-0.015625
MRPL27,0.0635986
DUG2,0.0635986
SSH1,0.418701
APE3,0.272278
SNF5,0.0524902
APM3,0.182129
BSD2,0.150024
CTP1,0.538086
VBA2,0.0739136
SUL1,0.3255
PCA1,0.348816
PHO89,1.45093
MAL33,0.574585
MAL32,-0.109802
VBA3,0.5354
GEX1,0.5354
VAC17,0.485107
CHA1,0.485107
MRC1,0.180908
ADF1,0.205994
KRR1,0.271301
PRD1,0.271301
FYV5,0.271301
MIC10,0.271301
KAR4,0.31488
PEX34,0.31488
SPB1,1.94299
LRE1,0.188599
PBN1,0.188599
APA1,0.868103
SPS22,0.251587
POF1,0.041687
EMC1,0.0775146
MGR1,0.19043
GLK1,1.17841
PDI1,1.17841
GID7,-0.1922
ATG22,0.37793
GFD2,0.80719
SRO9,0.80719
LSB5,0.271606
GRX1,0.242615
STE50,0.117188
MXR2,0.109619
RRP7,0.217224
HIS4,1.15863
RNQ1,0.0615845
BIK1,0.0341187
FUS1,0.11853
HBN1,0.124207
FRM2,0.222229
AGP1,3.2193
KCC4,3.2193
NFS1,0.0701904
BUD3,0.0593262
DCC1,0.0593262
YCL012C,0.223816
GBP2,0.299377
SGF29,0.370911
ILV6,0.346985
VMA9,0.274109
LDB16,0.984375
STP22,0.965271
PGS1,0.220215
RER1,0.243408
MRPL32,0.141785
CDC10,0.141785
YCP4,0.511597
CIT2,1.77448
SAT4,0.839172
RVS161,0.231506
ADY2,0.27179
PGK1,3.71613
ADP1,3.71613
POL4,0.143921
CWH43,1.12927
SRD1,1.19592
MAK32,0.485291
HTL1,0.166391
PET18,0.151672
MAK31,0.157227
HSP30,0.48407
YCR023C,0.22937
SLM5,0.800903
PMP1,2.83911
NPP1,0.217773
RHB1,1.36243
FEN2,0.120911
RIM1,0.0692139
SYP1,0.537415
RPS14A,0.861389
BPH1,0.772827
SNT1,0.137878
ELO2,0.446594
RBK1,0.340393
RRP43,0.340393
PHO87,1.40057
MATALPHA2,-0.119507
TAF2,0.0944214
PER1,0.315186
RRT12,0.215576
IMG1,0.244019
ARE1,0.236511
BUD23,0.193176
RSC6,0.25769
THR4,0.320591
CTR86,0.183228
PWP2,0.418823
TAH1,0.418823
YIH1,0.76178
BUD31,0.538391
HCM1,2.60577
RAD18,0.206604
ATG15,0.461975
SED4,0.461975
CPR4,0.628784
IMG2,0.2005
RSA4,0.302917
SOL2,0.3927
SSK22,0.3927
ERS1,0.198608
FUB1,0.144104
PTC6,0.318909
PAT1,0.318909
SRB8,0.28418
AHC2,0.116272
TRX3,0.116272
CSM1,0.778992
TUP1,0.778992
ABP1,0.161377
FIG2,0.065979
KIN82,0.209473
CDC39,0.32019
MSH3,0.32019
CDC50,0.252808
GIT1,2.22632
PAU3,-0.0123146
ADH7,0.0665283
RDS1,0.214294
AAD3,0.102792
AAD4,0.0335083
LRG1,0.256897
ADY3,-0.0765991
AIM6,0.161316
GUD1,0.161316
PHO13,0.230591
YPD1,0.369324
GYP7,0.239197
OST4,0.125122
PTP1,0.613586
BRE4,0.613586
SSB1,0.932312
HO,1.63708
SHS1,0.221191
GCS1,0.221191
WHI4,0.456787
HBT1,0.175415
FMP45,0.231628
DTD1,0.0426025
CDC13,0.0426025
TIM22,0.102722
RRI1,0.0368042
GDH2,0.883911
PRR2,0.664978
SHR3,0.358398
NOP6,0.358398
UGA4,0.349182
NHP2,0.263794
GLE1,0.372986
CWC2,0.372986
RTN2,0.323975
HEM3,0.323975
MRPL11,0.466919
ACK1,0.466919
TRM8,0.273071
MGT1,0.163086
GGC1,0.940674
SEC31,0.621826
ASF2,0.621826
SNF3,0.0767822
NUS1,0.212219
ARF1,0.625488
RPL35A,0.727417
RBS1,0.209778
UFD2,0.209778
PPH22,0.157104
VMA1,0.446716
RPL41A,1.65839
YDL183C,2.38879
LYS20,3.08588
INH1,0.46283
PCL9,0.907288
DLD2,0.21167
YDL176W,-0.00872803
AIR2,0.304199
PAR32,0.676819
DLD1,0.676819
UGA3,1.7525
GLT1,1.7525
SFA1,0.27002
UGX2,0.27002
NRP1,0.392395
CDC36,0.392395
FAP7,0.361572
ENT1,0.197998
CDC9,0.197998
MHF2,-0.0393066
STE7,0.301392
DHH1,0.301392
CMR1,0.206116
CLB3,0.196411
MSH5,-0.0186157
RPC53,0.110413
SAS10,0.107727
ATG9,0.0803223
RPN5,0.268982
NOP14,0.268982
LDB17,0.137817
COP1,0.23468
CCT4,0.282715
YDL144C,0.282715
BPL1,0.150696
CRD1,0.150696
RPO21,0.321289
SCM3,1.01038
RGT2,1.01038
ARF2,0.539429
RPL35B,0.951599
RDI1,0.12323
PPH21,0.822021
SRF1,1.13751
RPL41B,1.13751
CDC53,0.230286
LYS21,1.56689
STF1,0.286194
RPP1B,0.974609
YDL129W,0.690308
VCX1,0.620972
PCL2,3.2951
CDC48,0.361328
YDL124W,0.902283
HNT1,0.902283
SNA4,0.0186157
UBP1,0.349487
YFH1,0.121521
CYK3,0.61377
NUP84,0.197693
IWR1,0.083374
TRM3,0.104004
ATG20,0.0197144
RRP42,0.58783
TMA17,0.248596
KIN28,0.0211182
MSS2,0.0106201
NSE4,0.0485229
PHO2,0.0485229
QRI7,0.0568848
POL3,0.0250244
QRI1,-0.000305176
DUN1,0.209789
BUG1,0.173218
GET3,0.173218
SNU23,0.050415
PMT1,0.535289
RPN6,0.535289
PMT5,0.0958862
SRP14,0.106323
UBX3,0.0194092
NUR1,0.0513916
RAM1,0.0513916
ASM4,0.220276
LUC7,0.27887
NDE2,0.199524
SUB2,0.292725
RPL13A,0.661804
RPS16B,0.661804
RPP1A,0.732483
THI3,0.204529
MRK1,0.0288086
MDH3,0.2453
VAM6,0.111206
RPL31A,0.478577
RXT3,0.486877
BRE1,0.305298
BDF2,0.827881
YET3,0.827881
IDP1,0.300415
CBS1,0.300415
COX9,0.284973
UBC9,0.112427
PEX19,0.114014
SYO1,0.568481
TSR1,1.05029
RPS29B,1.05029
USO1,0.161072
RAD59,0.161072
MBP1,0.046875
PSA1,3.14423
MCH1,0.192078
PBP4,0.273499
LHP1,0.479492
SLC1,0.479492
KNH1,1.2312
STP4,2.24933
SIT4,2.24933
NPC2,0.354126
MRP10,0.324524
FAD1,0.0310059
MTF2,-0.012085
PRP11,0.231201
SIR2,0.0952759
NAT1,0.214172
PRM7,0.17749
BSC1,2.2749
PUS9,0.141907
GPR1,0.381226
DBP10,0.190918
SLM3,0.138794
PRP9,0.0958862
ARP2,0.0640869
MPS1,0.161011
RTK1,0.257202
DIA3,0.401978
GPD1,1.28601
GPM2,0.0717773
RPN4,2.66162
OSH2,0.0571289
CDC7,0.215515
ERP3,0.206787
NOP1,0.520508
TSC13,0.520508
SLX5,0.341187
YDL012C,0.298523
GRX6,0.298523
APC11,0.0540161
RPT2,0.271301
PTC1,0.121582
ATP16,0.263977
MED2,0.263977
MCD1,0.894409
RMD1,0.308777
NHP10,0.308777
YRB1,0.242493
NTH1,0.262573
RCR2,0.482605
RAD57,0.295597
MAF1,0.142517
TRP1,0.488586
SOK1,0.488586
GAL3,0.26239
SNQ2,4.1142
RPL4B,0.595398
PSF1,0.495972
RAD61,0.492548
HED1,-0.0748901
DAD1,0.208618
KCS1,0.429382
GCV1,0.434998
FAL1,0.2099
SES1,0.606995
ATG31,0.606995
RPS11A,0.416992
NSI1,0.031386
VPS54,0.103699
REG1,0.320195
MIX14,0.0474243
RAD28,-0.00970459
PST2,0.148315
MRH1,1.75818
LYS14,1.26471
ARO3,0.536499
KRS1,1.23189
EHD3,1.23189
ENA1,1.65479
RSM10,1.65479
NRG1,1.98767
HEM13,1.0957
RPC11,0.203798
HEM12,2.69751
BAP3,2.69751
VMS1,0.0778198
TPI1,1.68762
DET1,0.246826
DBF4,0.231079
CDC34,1.4436
PST1,1.4436
YOS9,0.118225
TGL2,0.321411
MAK21,0.278503
UBC5,0.278503
LCB2,0.343994
AIM7,0.23468
RPS13,1.00891
RRG1,0.468628
RTR2,0.106506
DOS2,0.106506
DOA4,0.0842948
FMP16,0.135071
PAA1,0.408203
SNF11,3.19879
IPT1,3.19879
TPS2,0.37262
PPH3,0.138428
RAD55,0.121887
SED1,3.07892
PET100,0.151611
SHU2,0.262024
VPS41,0.262024
TFB5,0.112427
STN1,0.0587884
PDC2,0.0587884
RRP8,-0.0305176
TVP23,0.0668945
AFR1,0.523315
SSS1,0.377625
RRP1,0.232117
SLU7,0.138184
VTC5,0.771118
RLI1,0.276123
UBC13,0.197021
DNF2,0.666992
GIS1,0.473877
MSH6,0.16687
GRX3,0.421204
BMH2,0.501709
TVP15,0.079895
STE5,0.515503
ARX1,0.515503
SPO71,0.0584106
ARP10,0.173584
TMS1,0.0780029
TRS85,0.18512
TMN2,0.18512
FOB1,0.108704
MRX14,0.140198
PDS1,0.140198
MRPL1,0.158813
APC4,0.233582
TMA64,0.233582
COX26,0.547791
DPB4,0.125916
TRM1,0.174316
KIN1,0.210083
INO2,0.841309
SWF1,0.156006
ECM18,0.177612
ARO1,1.4248
MTC5,0.0874023
SAC6,0.153015
FIN1,0.0371704
MRX16,0.4729
RGP1,0.323975
YCF1,0.323975
HPR1,0.187317
MTQ2,0.170715
RUB1,0.170715
DOP1,0.122375
PEX7,0.134827
SAN1,0.388672
TAF12,0.324524
MKC7,0.324524
EKI1,0.475281
SWI5,0.475281
NUM1,0.274902
KGD2,0.274902
GIR2,1.90057
CTH1,1.90057
ENT5,0.463928
RPA14,1.51819
CPR1,1.51819
HOM2,1.30811
SAC3,0.322021
SSY1,-0.0336914
CWC15,0.0499268
NBP2,-0.0286255
TRM82,0.298401
SEC1,0.298401
TAF10,-0.0119019
CDC37,0.134216
SEC5,0.133606
STB3,0.224976
SEC7,0.433105
HSP42,1.35699
SUP35,0.245789
HMO1,0.281189
ARG82,0.311829
NGG1,0.19751
RSM24,0.19751
UBC1,0.258179
SDH4,0.138611
CSN9,-0.0136719
SCC2,0.0863037
CDC1,0.0897217
SAS4,0.0897217
PLP1,-0.0167847
ATC1,0.207092
UPS3,0.320496
CCT6,1.58368
SND1,1.58368
SLY1,0.26178
HST4,0.345215
RVB1,0.345215
NUP42,0.174805
REF2,0.296204
MSS116,0.296204
CBS2,0.110718
CAB5,0.110718
RKM2,0.0872803
SPC19,0.198425
VPS64,0.198425
COQ4,0.0462036
RAV2,0.0462036
MSC2,0.0299072
EBS1,0.175781
MSS4,0.479614
UME6,0.479614
GCD6,0.937012
TCP1,0.189209
UPC2,0.325195
AHA1,2.37128
ADR1,1.4505
RAD9,0.00109932
SPR28,-0.045105
GTB1,0.127625
MFB1,0.127625
CRF1,0.053772
HTA1,3.43378
ADK1,1.3314
HTB1,3.43378
SIR4,0.164124
IVY1,0.241286
PCF11,0.241286
HEM1,0.535217
COX20,0.535217
LYS4,1.979
RTN1,1.979
PRP42,0.188293
MRPL7,0.0957031
FMN1,0.0957031
SEC26,0.125122
YDR239C,0.0756918
SNU56,0.373596
AMD2,0.390686
PEX5,0.133606
PRP28,0.133606
MNN10,0.275391
TRS23,0.110107
VHS1,0.641602
PAM1,0.248291
BTT1,0.255497
CHL4,0.311829
MET32,0.311829
RMD5,0.0670166
CTA1,0.270996
RKM4,0.0628571
HSP78,2.52417
YAP6,2.84009
SWM1,0.392029
EXG2,0.381714
DIN7,0.0595703
PEX10,0.360107
AKR1,0.360107
HEL2,0.279419
MSW1,0.0692139
CIA1,0.0634766
CCC2,0.786316
GLO2,0.173706
DON1,-0.0164795
BSC2,1.49518
PMP3,1.39008
MTH1,0.513489
RNH202,0.174622
RRP45,0.0598755
PHM6,0.513794
GCN2,0.217224
ZIP1,0.384216
DPP1,0.384216
INM2,-0.0153809
NSE3,-0.0479736
HRQ1,0.119995
RTT103,0.119995
SRP101,0.282471
SSD1,0.375
DPL1,0.211975
MHR1,0.236023
HDA2,0.236023
SUR2,1.14709
BFR2,0.196472
ATP5,0.196472
CFT1,0.256897
PRO1,0.256897
GPI11,-0.00531006
RSC3,0.0991211
CPR5,0.187012
HNT2,-0.0181274
SRB7,0.107727
GIC2,3.73792
TFB1,0.27179
SUM1,0.27179
SSF2,0.424683
PIB1,0.290588
RAD34,0.126221
OMS1,0.171021
IPK1,0.176392
HIM1,0.594727
MCM21,-0.0444946
ASP1,0.2052
SWA2,0.2052
DAD4,0.197998
MRPL35,0.317017
TIM11,0.265503
PEP7,0.142212
YCG1,0.388672
UTP4,0.388672
YSP2,0.205322
SKP1,0.120911
UBX5,0.0512695
PEX3,0.0512695
GPI8,0.0614014
IRC3,-0.0994873
SWR1,0.262085
RQC1,0.262085
MSN5,0.0814819
MRPS28,0.15509
FCF1,0.430115
YDR341C,0.42572
HXT7,-4.2326
HXT6,0.779724
HXT3,3.34039
MRP1,0.385803
SVF1,0.385803
PAL1,0.341614
YPS7,0.369507
SBE2,0.312317
ATP22,0.312317
YPQ2,0.29303
TRR1,0.538513
TRP4,0.855896
SPC110,0.0526123
GGA1,0.677989
CNL1,0.677989
EAF1,0.405029
BCP1,0.134583
ESC2,0.108215
TFC6,0.108215
SEM1,0.431519
CDC40,0.125916
ESF1,0.139893
KEI1,0.282104
YPR1,0.177612
XRS2,0.0968018
DXO1,0.200806
FRQ1,0.225896
VPS74,0.225896
WIP1,0.306702
ARH1,0.0620117
BCS1,0.0681763
ATP17,0.300903
RGA2,0.313904
LSM6,0.313904
ARO10,2.00641
SDH6,2.00641
YRA1,0.522095
RPP2B,0.701904
COI1,0.701904
NKP1,0.280029
ATO3,1.4342
EFT2,1.4342
MUS81,0.437389
RVS167,0.204224
SAC7,0.720398
UBA2,0.155884
SPT3,0.0527954
SHE9,0.0675049
RPT3,0.245483
SXM1,0.305481
UTP5,0.457886
NCB2,0.457886
HPT1,0.832214
URH1,0.47699
DIT1,0.116211
DIT2,0.116211
MRP20,0.200378
RPB7,0.200378
PDR15,1.07977
TRS120,0.321899
SIZ1,0.413879
ADE8,0.413879
STE14,0.113892
RRP17,0.19397
DFM1,0.19397
ERD1,0.167297
SYF1,0.102295
RPL12B,0.499878
RAD30,0.383423
HKR1,0.589172
ARO80,0.176697
SIP1,0.0983887
SNX41,0.300296
CAD1,0.300296
DYN2,0.176575
RPN9,0.0214844
BNA7,0.166016
TIF35,0.246399
NPL3,0.425171
CYM1,0.425171
GPI17,0.189514
PPZ2,0.181824
PPM1,0.181824
GPI19,0.272217
THI74,0.179321
LRS4,0.153992
DOT1,0.0812988
APT2,1.92859
SSN2,0.0631714
ECM11,0.57312
ADA2,0.904785
RPS17B,0.904785
RPS18A,0.567688
UTP6,0.567688
PPN1,2.64148
YHP1,2.64148
TSA2,0.0679932
NHX1,0.18512
GUK1,0.18512
TOM1,0.179626
HEH2,0.0844727
TFB3,0.252075
PFA5,0.252075
MFA1,0.616699
MRPL28,0.393311
STP1,0.262024
SPP41,0.142029
PKH3,0.046875
RMT2,0.046875
SDC1,0.0205078
TLG1,0.0205078
RPL27B,0.44928
UGO1,0.44928
TRS31,1.21582
PRP3,0.110107
JIP4,0.338623
SNF1,0.229492
SNM1,0.185486
DIG2,0.2547
PEX29,0.2547
KRE2,1.12677
PHO8,1.12677
CWC21,1.10541
VPS52,0.154419
VPS72,0.190674
VPS60,1.21698
RIB3,1.48218
SLD5,0.194397
PAC11,0.194397
IZH1,1.92072
PKH1,1.92072
MZM1,0.192383
RSM28,0.336426
VPS3,0.0568237
PUF6,0.263123
ITR1,0.397289
LCD1,0.122009
SEC20,0.122009
PLM2,1.14117
RPL37B,1.14117
SAM2,0.857605
LPP1,-0.00250244
SPG3,-0.0485229
PSP1,0.666626
GMC1,0.387329
GIN4,0.793884
SMT3,3.81879
GNP1,3.81879
SDH7,3.54272
GRX2,0.303894
EMI1,0.15802
SLF1,0.190979
YDR514C,0.190979
GRH1,0.322815
EMI2,0.322815
EUG1,0.203796
FPR2,0.0811768
SPS2,-0.0545044
SPS1,0.0366211
AGE1,2.72449
SNA2,4.06512
RBA50,4.06512
HLR1,0.542297
QCR7,0.806396
CAB1,0.168213
APA2,0.168213
KRE28,0.123718
HSP31,0.896179
FIT1,0.0454102
STL1,0.572571
PAD1,0.0723267
FDC1,0.0593872
IRC4,0.227905
PAU10,0.160828
NIT1,0.414307
SUC2,0.154175
BNR1,0.411621
POT1,0.411621
AIM20,0.685913
UBP7,0.166809
COA1,0.166809
GUT2,0.379089
RRD1,0.349609
IMP2',0.220886
MCM10,0.0880737
RPL40A,0.393799
MLP2,0.425415
SLN1,0.117371
ATG32,0.155396
NDC80,0.149414
PAN6,0.149414
CCT2,0.278391
SSL2,0.278391
AXL2,1.79053
REV7,0.258728
TPM2,0.257202
OM45,0.153076
TMA108,0.153076
FLX1,0.589722
VHS2,0.589722
RPL16A,0.511292
CSM2,0.249695
ASG1,0.61853
FKH1,0.61853
MET18,0.134094
TAO3,0.134094
STH1,0.290222
KGD1,0.231628
AYR1,0.126099
SIM1,2.62512
POG1,0.994812
QDR2,0.512024
QDR1,0.0758057
RPI1,2.9884
RHO3,2.76367
PRM5,1.78412
HIS5,1.7793
NUP159,-0.0253296
SDP1,0.246887
POR2,0.246887
HOS4,0.114624
COX5B,0.259216
HPM1,0.259216
YIL108W,0.477295
SEC24,0.477295
MOB1,0.458496
PFK26,0.458496
SLM1,0.216125
DPH1,0.153992
SHQ1,0.151611
SGA1,1.15619
XBP1,1.15619
FYV10,0.159302
FMC1,0.159302
PRK1,0.136414
LYS12,1.18213
RSM25,0.0874023
ICE2,0.199707
UTP25,0.199707
YIL089W,0.0952148
AVT7,0.0726929
AIM19,0.104126
KTR7,0.227722
SDS3,0.101013
CAB2,0.317997
THS1,0.42218
AIR1,0.42218
SEC28,0.276489
RPN2,0.247314
SER33,0.388611
HOP1,-0.0134888
SPO22,-0.0280083
PCI8,0.0783081
MAM33,0.400879
RPS24B,0.499207
SEC6,0.123779
RNR3,0.205383
EFM4,0.205383
FIS1,0.0717163
YRB2,0.295776
ARC15,0.188293
SNP1,0.428223
RGI2,3.7644
VHR1,3.7644
GPP1,2.09558
RPL34B,0.501221
PCL7,0.665527
MMF1,0.665527
DFG10,0.198975
NEO1,0.209595
MET30,1.11298
SYG1,1.11298
PIG2,0.166687
AGE2,0.453979
CBR1,0.278992
GVP36,0.190125
PKP1,0.190125
APQ12,0.313599
TED1,0.313599
NOT3,0.0800171
CST6,0.114319
PRM2,0.114319
CKA1,0.237671
CAP2,0.109375
ULP2,0.201111
BCY1,0.201111
SSM4,0.497925
EMC5,0.290283
IRR1,-0.00769043
TIM44,0.565491
YKE4,0.565491
RPB3,0.199707
FAF1,0.179993
HIS6,0.114319
RPL2B,0.391479
SNL1,0.264404
VID28,0.685347
BAR1,0.807983
MNT3,0.40509
PDR11,0.886414
TIR3,0.886414
DOT5,0.0858154
EST3,0.258606
FAA3,1.46259
URM1,0.104492
YIA6,0.205994
NAS2,0.205994
EPS1,0.110107
CFD1,-0.015686
BET1,-0.015686
INP51,0.119019
SGN1,0.290283
AIM21,0.296393
MPH1,0.296393
DJP1,0.166626
IST3,-0.0117798
PAN1,0.362671
MSL1,0.0565186
PRI1,0.305115
DSN1,0.305115
SQT1,0.299805
STS1,0.299805
GAT4,0.0278931
RPR2,0.502686
YAP5,1.7254
MET28,1.7254
FLO11,0.481353
MRS1,0.204773
SEC11,0.216919
DAL81,0.0865351
MND2,0.0864258
INA22,-0.00231934
YVH1,0.0587884
DAL4,0.302917
DAL1,0.302917
DAL2,0.0628052
DCG1,0.0227051
DAL7,0.472229
MGA2,0.504211
DAL3,0.504211
LYS1,1.10553
HYR1,0.172424
GTT1,0.0297852
PAU15,-0.0155015
YPS6,-0.0155015
RMD6,0.641785
DLD3,1.25201
HXT13,0.487671
HPA3,0.129272
SIT1,0.6745
AVT2,0.164185
NPR2,1.651
CAN1,1.651
CIN8,0.180603
PRB1,1.21881
PCM1,1.2179
SOM1,0.414686
HAT2,0.22998
POL5,0.567322
RPL12A,0.675415
AFG1,0.576416
MAK10,0.576416
VMA8,0.050415
RML2,0.927307
PAU2,0.320679
TCA17,0.150879
FRD1,0.748474
IES6,3.78101
GLY1,3.78101
YEL043W,3.10217
GDA1,0.384216
YEF1,0.313782
UTR2,3.03137
UTR4,0.559998
CYC7,0.415771
RAD23,0.310181
ANP1,4.87183
HYP2,4.87183
MCM3,0.972595
SPF1,0.286621
ECM10,0.0751953
BUD16,0.0706177
VMA3,0.717896
SNU13,0.683105
RIP1,1.0589
GEA2,0.172493
URA3,1.02557
TIM9,0.696228
EAF5,0.158081
MMS21,0.192688
GTT3,1.29108
PMP2,1.29108
EDC3,0.125793
NPP2,0.125793
VAC8,0.242126
UBC8,0.21521
GLC3,0.0895996
GCN4,2.0733
MIT1,3.93457
YEA6,0.252197
YEA4,0.124329
VAB2,0.124329
GIM4,0.074585
WBP1,0.209473
IRC22,0.331116
MNN1,3.10498
NOP16,0.263794
FMP52,0.196411
PMI40,0.196411
YND1,0.249817
NUG1,0.116028
PAC2,0.161621
TMA20,0.417419
NTF2,0.293579
SEC3,0.293579
YER010C,0.0772705
TIR1,1.34027
PRE1,0.474609
PRP22,0.356873
HEM14,-0.0227051
FAA2,0.0490112
BUD25,-0.0391235
BIM1,0.0296021
AFG3,0.971924
ISC1,0.971924
SPC25,0.529297
GPA2,0.372993
SBH2,0.350891
RPN3,0.249084
SRB4,0.13031
PRO3,0.074585
YAT2,0.263794
GCD11,0.172424
CHO1,0.298999
GAL83,0.13679
MIG3,1.00348
CHZ1,0.534119
SMB1,0.0869141
FIR1,0.440308
YPT31,0.440308
YER034W,0.733521
EDC2,1.71667
ZRG8,0.94989
PHM8,2.19672
ARB1,2.19672
KRE29,0.248596
GLN3,0.301514
HVG1,0.301514
YEN1,0.0239258
MXR1,0.138
SAH1,1.03009
ERG28,1.53918
MEI4,0.153015
ACA1,2.27362
SPO73,2.27362
SAP1,0.265808
CAJ1,0.412781
ISD11,0.570496
TPA1,0.419128
JHD1,0.239319
RSM18,0.0216064
HOM3,1.24323
PIC2,1.28381
YER053C-A,1.90723
GIP2,0.265686
HIS1,1.78223
FCY2,2.39252
RPL34A,0.450073
PET117,0.316711
HMF1,0.202576
PCL6,0.152893
FCY21,0.0505981
FCY22,0.0740983
CEM1,0.117188
THO1,0.888794
GPP2,0.888794
VHR2,2.84253
ICL1,0.35968
RGI1,0.189209
MOT2,0.223999
ARG56,1.89282
RNR1,1.27972
VTC1,0.65979
ALD5,2.20313
RPS24A,0.594971
YOS1,0.37793
PTP3,0.936584
ICP55,0.22113
AIM9,0.298706
SER3,1.2663
UTP7,0.249695
GET2,0.127686
ILV1,0.157898
AIM10,0.11322
SBH1,0.395874
DOT6,0.940796
TRP2,0.409302
PTC2,0.409302
IES5,2.34363
MET6,2.34363
TSC11,0.183105
AIM11,0.319214
RAD51,0.492126
PUP3,0.492126
SHC1,0.228516
UBP9,0.311401
UBC6,0.281311
PRS2,0.281311
RPS8B,0.383484
AST2,0.383484
SSA4,1.2215
RTT105,-0.0233154
MAM1,0.132019
NUP157,0.0681763
GLE2,0.12793
FLO8,0.433594
KAP123,0.151123
SWI4,0.749573
LSM4,0.749573
TMN3,0.138611
BOI2,0.229492
SPR6,0.234802
RPL23B,0.357483
SLX8,0.363892
SHO1,0.298523
SCS2,0.415894
AVT6,0.415894
YCK3,0.35907
GLO3,0.35907
DSE1,1.86871
RSP5,1.86871
LCP5,0.24292
NSA2,0.243774
VFA1,0.189026
SAK1,0.265625
RPS26B,1.05951
PMD1,0.382202
GLC7,0.406991
YER134C,0.339905
GDI1,0.469727
EMP65,0.199219
RTR1,0.199219
COX15,0.826416
DDI1,0.206421
MAG1,0.206421
UBP5,0.526306
LSM5,2.56488
FTR1,2.56488
SPT15,0.321228
SCC4,0.321228
SPI1,0.365295
PEA2,0.365295
UBP3,0.234497
YER152C,1.33942
OXA1,1.33942
PET122,1.33942
BEM2,0.610229
COG3,0.221985
BUR6,1.05811
SPT2,0.177917
RAD4,0.259583
GCG1,0.328674
CHD1,0.268677
PAB1,0.596985
DNF1,0.2818
BCK2,0.287292
RPH1,1.24933
CCA1,1.24933
ADK2,0.206116
RAD3,0.0634155
RAD24,0.00628662
BRR2,0.0494998
GRX4,0.328125
TMT1,0.358582
ECM32,0.237488
BMH1,1.99377
PDA1,0.361511
DMC1,0.0925903
ISC10,0.273691
SLO1,0.273691
FAU1,0.0988159
PUG1,0.89032
COS4,0.729309
AAD16,0.18042
AAD6,0.218628
AGP3,0.26123
DAK2,0.371521
SWP82,0.0488892
ALR2,0.0488892
RGD2,0.295227
EMP47,0.295227
SEC53,0.725281
OTU1,0.0963135
FET5,0.0352173
ACT1,1.6098
TUB2,0.902763
YPT1,0.475586
RPO41,0.263489
MOB2,0.813171
RPL22B,0.98822
HAC1,0.86438
RIM15,0.86438
AGX1,0.417114
CAK1,0.0983276
CAF16,0.20929
STE2,1.13641
GYP8,1.13641
BST1,0.105408
BUD27,1.0769
EPL1,1.0769
GAT1,2.36218
FRS2,2.36218
PAU5,0.0285034
SMX2,0.146423
LPD1,0.146423
GNA1,0.194702
HSP12,2.27222
MDJ1,2.27222
IES1,0.09552
HXT10,-0.0408936
AUA1,-0.0209961
CDC4,0.237915
WWM1,0.0554199
SMC1,0.151611
BLM10,0.0228882
SEC4,0.0941886
VTC2,1.11511
MSH4,1.52332
DEG1,0.172913
SPB4,0.172913
LOC1,0.121704
NIC96,0.169983
RPN11,0.188721
YPI1,0.188721
SAD1,0.632019
YFH7,0.314697
FAR7,-0.0115967
GCN20,0.640503
UBP6,0.142273
DCV1,0.258789
MIC19,0.258789
IOC3,0.0582275
CMK1,0.139221
GSY1,0.286377
AIP5,0.149109
IGD1,1.11212
FAB1,0.642883
ATG18,0.03479
ROG3,0.0296021
PES4,-0.0697021
LSB3,0.140686
HIS2,0.0684204
ULI1,0.403198
ECO1,0.403198
PTR3,0.201782
CDC14,0.201782
MET10,0.28833
SMC2,0.494812
RPL2A,0.479187
RPL29,1.16132
QCR6,2.63959
CDC26,0.945679
PHO4,0.945679
IRC5,0.247499
RSC8,0.240723
SAP155,0.523193
OSW7,0.523193
KEG1,0.0701904
ERJ5,0.0701904
IRC6,0.0557251
DUG1,0.0430908
CNN1,0.195984
RMD8,0.103036
BNA6,0.0797119
YMR31,-0.0186768
PRE4,0.20752
RPN12,0.38208
RET2,0.38208
HXK1,0.411804
VEL1,0.184326
ADH4,0.362305
MNT2,0.362305
ZRT1,2.10431
FZF1,0.177429
HXK2,2.68707
RTG2,0.194824
RMR1,-0.0377197
HFM1,-0.0449219
ZIP2,0.0227051
PDE1,0.344116
BRR6,-0.0297241
GUS1,0.200989
RAI1,0.200989
RTF1,0.141174
TAD1,-0.105854
KAP114,0.155884
DOC1,-0.0377808
CSE1,0.273315
HAP2,0.0913086
"ADE5,7",0.654907
MTO1,0.654907
SEC15,0.129395
TAN1,-0.0131836
EMC4,0.242676
SHE10,0.702881
SAP4,0.702881
VID30,0.0689087
MTC3,0.0778198
OST5,0.307617
VRG4,0.638
SDT1,0.202881
COG1,0.326599
EDC1,0.326599
BOL2,0.302979
NIF3,0.232483
KIP3,0.674011
MDM34,0.674011
CLG1,0.380676
VAM7,0.190918
SKI8,0.190918
NCS6,-0.0338745
YPT32,0.0866699
MIG2,1.83643
SIP2,0.314209
SPT16,0.136597
POX1,0.737305
CHC1,0.737305
KEX1,0.562927
ARO8,0.640991
MCM6,0.0595703
YIP4,0.254095
EMP24,0.287339
MDS3,0.343689
DSD1,0.0131226
GCN1,0.305115
IME4,0.020874
HOS2,0.020874
COX13,0.58429
CDC55,0.586792
RPS26A,0.576477
COX4,0.55072
TPN1,0.707893
STR3,1.65601
GTS1,0.153503
MND1,0.158203
ATG1,0.439697
TOS3,1.01038
MPT5,1.73523
BUD13,0.0457153
SAE2,-0.0487061
NUP49,0.188477
XRN1,0.188477
ROK1,0.0584106
SUA5,0.254395
SPO74,0.254395
HUR1,0.0322876
CUP2,0.321289
PMR1,0.321289
YRB30,-0.0286255
RAD54,0.768982
SUT1,1.065
AIM14,0.32251
YIP5,0.32251
RCK1,1.25201
ARI1,0.584106
AMS1,0.0679932
CDC43,0.303101
PEX14,0.179871
LYS5,0.179871
NUT1,0.0878296
ARO2,0.446411
INO80,0.446411
RPL9A,1.1745
TIP20,0.671387
ROG1,0.0861816
MRF1,0.0078125
HUL5,0.139526
GPI10,0.139526
FLC3,0.18158
SEC27,0.201721
RPL1B,1.09491
MRM2,1.09491
PCL10,0.931519
ITC1,0.369019
CEG1,0.145386
SNT2,0.144287
RSM23,0.0529175
SCS3,0.160278
CWC23,0.160278
SOH1,0.978905
MET13,1.93329
RPS2,1.24969
MON1,1.24969
NAB2,0.474792
GPG1,0.137329
COQ8,0.295593
PRP43,0.295593
CDC20,0.752075
SNF4,0.416504
SLD3,0.00878906
NSA1,0.197388
TAF6,0.197388
CUE3,0.178711
YGL108C,0.178711
MLC1,0.295899
RMD9,0.636475
ARC1,0.640991
RPL28,1.32819
VPS73,1.32819
SEH1,0.359985
LSG1,0.226807
USE1,0.643188
SRM1,0.0787964
TOS8,1.84662
VPS45,0.108826
SPC105,-0.0640259
PAN2,-0.0510864
NUP145,0.0780029
LIF1,0.174927
NBP35,0.174927
MF(ALPHA)2,1.12183
MAD1,0.896912
MMS2,0.244629
SCY1,0.222229
GUP1,0.222229
MPC1,0.127991
DBP3,0.347107
HNM1,0.606812
RPL7A,0.883789
HSF1,0.307373
MPS2,0.307373
AFT1,2.24048
MNP1,0.231384
RPB9,0.231384
NPY1,0.203979
SGF73,0.110107
ALG2,0.28833
PUS2,0.133728
MRH4,0.133728
PYC1,1.77588
YBP2,-0.0114746
DUO1,-0.0358276
PKP2,0.0177002
RAD6,0.21582
GEP7,0.151184
OLE1,3.41748
SDS23,3.41748
ERV14,0.545227
PRM8,0.545227
MST27,0.232178
TYW3,0.707092
TIF4632,0.103516
ALG13,0.22998
RPT6,0.233398
RIM8,0.768188
DST1,0.0523071
RNA15,0.0460205
HEM2,0.620972
YGL039W,0.504211
OCH1,1.06427
PNC1,2.00781
MIG1,1.1178
HOP2,-0.0689697
AGA2,0.545776
RPL24A,0.801025
RPL30,0.801025
CGR1,0.693176
SCW11,3.21057
CWH41,0.14917
TRP5,0.222412
PGD1,0.170898
STT3,0.386475
PIB2,0.386475
ALK1,0.421509
CKB1,0.119887
GET1,0.00872803
ATE1,0.125305
JAC1,0.125305
KAP122,0.133484
PUF4,0.408998
ERG4,1.14447
PDR1,1.14447
SCL1,0.615601
LEU1,1.20618
PMA1,4.9259
PMC1,0.514099
COG7,-0.0258789
RPN14,0.23053
ERP6,0.0546265
CDH1,0.0546265
ERG26,0.654175
CUL3,0.138489
SWC4,0.138489
PEX31,0.0678101
PRP18,0.0767212
TFG2,0.0870972
ECT1,0.0870972
STF2,0.207886
NMA2,0.185181
SEC9,0.184021
MCY1,0.11322
SNU71,0.0123901
MSB2,2.5412
UGA1,0.0828857
VMA7,0.36969
MTL1,0.855286
THG1,0.330694
RPS25A,1.15759
MSP1,0.693909
ERV1,-0.0598145
IMO32,0.610107
POP6,0.295471
GSC2,0.671387
NAG1,0.671387
RPL26B,1.01239
TIM21,1.01239
CAX4,0.346387
ORM1,0.448181
ACB1,0.448181
KSS1,0.903088
BUD9,2.24768
MTE1,0.0604248
NQM1,0.383911
TAM41,0.65387
RME1,0.65387
UFD1,0.397278
TFC4,0.397278
SCM4,0.705505
YGR054W,0.405273
MUP1,2.85272
RSC1,0.125305
PEF1,0.19397
LST7,0.19397
SPR3,0.20813
ERG25,3.71722
ADE6,0.384827
COX18,0.323181
SPT4,0.323181
VHT1,0.314514
ROM1,0.374084
ART5,0.374084
UPF3,0.0925293
ENV11,0.0925293
SMD1,-0.102112
PRP38,0.188293
MRPL25,0.120789
PEX8,0.841919
PAC10,1.01819
TWF1,0.379883
TOM20,0.382629
SLX9,0.382629
GCD2,0.280273
MRP13,0.869873
RPL11B,0.869873
PIL1,1.96558
PDC6,0.0859985
CTT1,0.521729
NNF2,0.126291
UTP22,0.165771
PRP31,0.0440063
DBF2,0.91803
VAS1,0.624695
TPC1,0.239995
RRP46,0.239995
ASK10,1.96741
TEL2,-0.000976563
ESP1,-0.000976563
MDR1,-0.0559082
PCP1,0.247498
NOP7,0.154907
GTF1,0.129578
VMA21,0.197876
SRB5,0.197876
VOA1,0.406494
CLB1,3.15771
CLB6,0.818726
CLD1,0.615295
SHY1,0.0296021
DAM1,0.0975976
SPT6,0.127625
RPS23A,0.36792
NUP57,0.278088
COG2,0.530212
YGR122W,0.808228
MEP1,0.808228
PPT1,0.385803
ASN2,0.925171
SYF2,0.107117
UTP8,0.0753784
FHN1,0.286987
YGR130C,0.286987
PEX4,0.188721
PHB1,0.188721
CAF130,0.313171
PRE9,0.254822
LSB1,0.472778
TPO2,2.09991
CBF2,1.61371
VPS62,0.020874
BTN2,3.12561
SKN1,0.723511
THI4,0.274414
ENP2,0.0629941
ECL1,3.15033
NAT2,0.621399
RPL24B,0.56897
CCM1,0.121826
RSR1,0.617493
CYS4,1.4693
GTO1,1.4693
PTI1,0.41333
CHO2,2.0556
MTR3,0.549988
NSR1,0.569702
TIF4631,0.797729
GTR2,0.307983
MRPS35,0.244385
TRS65,0.0626831
CLC1,0.194824
PSD2,0.628418
PUS6,0.628418
MSM1,0.0971069
RBG2,0.119812
YIP1,0.119812
CBP4,0.245483
ERG1,2.53131
ATF2,1.5517
PBP1,0.328308
OKP1,0.0720215
RNR4,1.3429
TIM13,0.480103
QCR9,0.814026
UBR1,0.289185
TFG1,0.341614
TYS1,0.341614
HGH1,0.155884
BUB1,0.505676
CRH1,2.50012
HIP1,0.405029
TDH3,4.01752
PDX1,0.246826
SKI6,0.21637
XKS1,0.21637
FYV8,0.00592041
YPP1,1.06622
SNG1,1.06622
PMT6,0.0753174
ELP2,0.334473
YCH1,0.879578
ADE3,1.38239
PCT1,1.38239
TDA10,0.175171
MVB12,0.195984
SER2,0.237183
CIR1,0.237183
TRX2,0.348572
ZPR1,2.93872
SLI1,0.170593
RTA1,0.901794
RPS0A,0.901794
RSM27,0.364197
CCH1,0.0714111
GPI1,0.0714111
CRM1,1.06207
MRPL9,0.140503
PET54,0.887085
TOS2,0.887085
AZR1,0.301086
HSV2,0.301086
AMA1,0.0548096
DIE2,0.0848999
BNS1,1.06409
SMI1,1.06409
NAS6,0.312927
PHB2,0.312927
PHO81,2.48218
YHB1,4.21722
MIC26,0.25238
SPG1,0.0394287
KEL2,0.645691
PEX21,0.772583
PFK1,1.52222
MPC3,1.07727
YAP1802,1.07727
LSC2,0.337524
SDA1,0.182007
CPD1,0.0819092
BRF1,0.0819092
SOL4,0.628479
MGA1,2.48939
RIE1,0.691528
NOP19,0.00152588
GCN5,0.175171
PUP2,1.237
ENO1,2.4621
GND2,0.376892
COQ6,0.376892
MTM1,0.146484
RAD2,0.33429
TNA1,0.267883
APL6,0.109314
BUD32,0.0960083
SAY1,0.0814819
YGR266W,0.491089
MES1,0.491089
FOL2,0.448425
YTA7,0.320984
HUA1,0.320984
SLH1,0.0543823
EFG1,0.0117188
RTT102,0.169312
TAF1,0.168823
RNH70,0.245789
CWC22,0.219421
CAB4,0.174316
SCW4,2.7406
PXR1,1.22009
YOR1,1.22009
BGL2,1.11688
YGR283C,0.300488
ERV29,0.501709
ZUO1,0.398682
BIO2,0.426086
IMA1,0.453613
MAL13,0.453613
MAL12,-0.000111035
MAL11,-0.000111035
COS6,0.00909712
COS8,0.551819
ARN2,0.314209
PAU13,0.261414
ECM34,-0.0280151
EFM1,0.4776
ARN1,0.4776
MUP3,0.293518
CBP2,0.293518
VMR1,0.169128
SBP1,0.473572
RPL8A,1.21411
GUT1,0.229492
ECM29,0.229919
GOS1,0.229919
WSC4,2.22192
RIM101,1.22333
SNF6,0.645325
RIM4,1.5816
NPR3,0.619324
SPO11,-0.101685
AIM17,0.297729
OPI1,0.264099
APM2,0.242188
DUR3,0.82312
RPS20,0.927002
YLF2,0.0681152
OTU2,0.0410767
PRS3,0.393494
ETP1,0.145695
YAP3,0.127995
STE20,1.24738
MRP4,1.24738
SHU1,0.537415
HSE1,0.318176
LAG1,0.318176
RPL14B,0.773071
OSH7,1.05731
QCR10,0.368225
LEU5,0.230286
TCD1,-0.0488892
NEM1,0.25647
GPA1,1.81812
TIM10,0.63269
STP2,0.281677
ERG11,4.8125
SOD2,0.530884
RPL27A,0.491516
DIA4,0.358826
VPS29,0.101379
SPO13,0.110901
ARD1,0.0610962
MIP6,0.583679
YSC83,0.124023
YSC84,0.078125
ARG4,0.618286
YHR020W,0.682983
DED81,0.682983
RPS27B,0.524109
MYO1,0.922913
THR1,0.372314
MAS2,0.372314
VMA16,0.34967
RPN1,0.233591
DAP2,0.0413818
YHI9,0.33197
SLT2,0.803528
ERC1,0.1875
RRM3,0.1875
PIH1,0.208191
BRL1,0.166992
PUT2,0.551392
RRF1,0.0880737
BCD1,0.526794
MSC7,0.526794
VMA10,0.268311
NCP1,0.767578
SRB2,0.767578
DOG2,0.106812
DOG1,0.182922
INM1,0.364197
AAP1,0.54248
FSH1,1.2002
SMF2,0.431824
COX6,0.790405
CIC1,0.424683
RSC30,0.28302
CPR2,0.288574
FYV4,0.198792
VMA22,0.198792
MED6,0.198792
GIC1,1.00079
RPP1,0.202087
PAN5,0.165588
SSZ1,0.377502
SSF1,0.268188
RRP3,0.268188
HTD2,0.253418
DYS1,0.241211
TRM5,0.175415
RRP4,0.182129
PCL5,1.63678
ERG7,0.463318
NOP10,0.272827
OSH3,0.332214
QNS1,0.0114746
PTC7,0.137512
PPE1,-0.00811768
NMD2,0.421875
IRE1,0.101624
SAE3,0.0447998
LRP1,0.386475
LAM4,0.386475
SAM35,0.763
KSP1,0.763
STE12,0.375183
IPI1,0.107117
NAM8,0.40863
RTC3,0.401123
RPF1,0.377075
GAR1,0.383606
YNG2,0.045105
MSR1,0.1745
HXT4,1.38312
HXT1,2.73767
HXT5,1.01929
TRA1,0.374329
SFB3,0.374329
GEP4,0.052124
KIC1,0.199829
BIG1,0.199829
SBE22,0.441101
GRE3,0.156616
YPT35,-0.0217982
TRR2,0.06073
GGA2,0.162109
CDC12,0.162109
CTM1,0.052124
ERP5,-0.0108032
UBA4,0.140076
APE4,0.173279
YHR112C,0.173279
BZZ1,-0.0418701
COX23,0.302795
TOM71,0.549805
DMA1,0.562805
SET1,0.0853271
ORC6,0.0852051
MSH1,-0.0396729
LSM12,-0.0438843
CIA2,0.232971
EPT1,0.216614
NDT80,-0.000793457
YHR127W,0.0344849
FUR1,0.562378
ARP1,0.0827026
IGO2,0.343079
ECM14,0.343079
WSS1,0.184692
NSG1,0.184692
ARO9,2.2713
YCK1,1.91528
SPL2,2.2713
YHR138C,0.180908
SPS100,0.10199
CHS7,0.581604
RPL42B,0.581604
DSE2,2.1709
RPC10,0.266296
DCD1,0.670593
CRP1,0.670593
IMP3,0.198792
MRPL6,0.198792
PEX28,1.29413
SKG6,1.29413
SPO12,1.14783
MTC6,1.14783
RTT107,0.177612
SPO16,0.177612
LAM1,-0.0166016
REC104,0.221008
LIN1,0.0510254
KEL1,0.0128174
PEX18,0.00750732
MPC2,1.36261
SOL3,1.36261
YAP1801,1.36261
DNA2,0.159607
PRP8,0.191406
THP2,0.121582
CDC23,0.121582
MTG2,0.0419922
DBP8,0.39209
NMD3,0.342529
ATG7,0.376404
SPC97,0.0209961
ENO2,3.05438
CTR2,0.661926
FMO1,0.142589
STB5,0.476929
OYE2,1.33911
SVP26,0.419189
YHR182W,0.227722
GND1,0.757507
SSP1,0.273987
PFS1,0.114502
IKI1,0.146118
KOG1,0.146118
PTH1,0.304626
ERG9,0.647278
GPI16,0.647278
LNP1,0.209412
CTF8,0.27771
MDM31,0.802002
EGD2,0.802002
NVJ1,0.140441
UTP9,0.118225
RIX1,0.177002
AIM18,0.112305
RPN10,0.351807
AIM46,0.351807
NBL1,0.351807
PPX1,0.105286
MNL1,0.536072
RPS4B,0.536072
SCH9,0.435608
SKN7,0.90271
SET5,1.20691
BAT1,1.20691
CRG1,0.552124
FLO5,0.350891
IMD2,0.884583
REE1,0.852112
HXT8,0.516724
IMA5,0.516724
YJL213W,0.390808
PEX2,1.07111
OPT1,1.07111
CBP1,0.200928
NUC1,0.156982
LAA1,0.216614
NCE101,0.0244751
PRP21,0.0183105
RCY1,0.0736084
ECM25,0.19751
ACO2,0.974304
PHO90,0.254883
UBP12,0.234375
CDC6,1.63458
ELO1,1.63458
RPS14B,1.06018
SOP4,1.06018
RPL39,0.732605
RPS22A,0.732605
MNN5,0.954529
SWE1,0.954529
GON7,0.101501
MNN11,0.169189
ATG36,0.169189
PFD1,0.0629272
ATP12,0.131104
RPL17B,0.58551
ATG27,0.58551
KRE9,0.268188
SWI3,0.268188
RFA3,0.237671
CPS1,0.284302
TOH1,0.327881
ASG7,0.132629
ERG20,0.517395
SET2,0.517395
QCR8,0.389404
HAL5,0.0825195
TPK1,0.277405
JJJ2,0.19812
HSP150,3.36102
CIS3,2.28601
FAR1,0.671082
SSY5,0.198181
FBP26,-0.0100049
VPS35,0.428284
DAS1,0.589172
INO1,0.601196
SNA3,0.581726
RPA34,2.12659
IDS2,0.147888
SFH5,0.21283
ROQ1,0.253174
TIM17,0.253174
RPB4,0.674927
YAK1,0.674927
YUR1,0.000488281
TIF2,0.505371
GLG2,0.399719
LCB3,0.520081
RPS21B,0.520081
MRS3,1.50043
AIM23,0.445129
URA2,3.1319
TRK1,0.341797
PBS2,0.504578
NIT2,0.194519
SPT10,0.194519
GCD14,0.27301
LSM1,0.259583
ALB1,0.398071
MTC1,0.398071
YJL118W,0.502808
PHO86,0.524414
RPE1,0.502808
NCA3,1.90759
ASF1,1.90759
MDV1,0.516113
CCT7,0.251526
GZF3,0.382324
UTP10,0.228394
PRM10,0.161072
IME2,1.71442
SET4,0.794495
PAM16,0.273804
MEF2,0.127319
GSM1,0.127319
LSB6,1.25171
GSH1,1.25171
CHS6,0.0883789
SAP185,0.580688
PHS1,0.284119
MRPL49,0.259277
BCK1,0.202026
KHA1,0.218079
SRS2,0.142395
TOK1,0.142395
GWT1,0.14209
SIP4,0.31543
DPB11,0.31543
ARG3,3.20923
EXO70,0.0106812
TRL1,0.0106812
TAX4,0.196899
ALY2,0.196899
IML2,0.679089
ARP4,0.16333
SCP160,0.365295
PRY1,1.5105
PRY3,2.53381
NET1,2.53381
ICS3,0.652222
JEM1,0.132996
SMC3,0.132996
ARG2,0.180481
PSF2,0.180481
UTP18,0.181274
YJL068C,0.0861389
MPM1,0.187622
DLS1,0.208984
COA3,0.256409
LAS21,0.256409
MRPL8,0.256409
NUP82,0.168274
BNA3,0.218201
YHC3,0.183289
BIT61,0.0786133
IKS1,0.237183
ZAP1,0.479675
TIM54,0.457825
PEP8,-0.0438843
TDH1,0.596313
IRC8,0.256897
MTR4,0.333496
UBX6,1.80389
AIM22,0.198181
RTT101,0.198181
YJL045W,0.37262
GYP6,0.322998
MHP1,0.51947
NSP1,0.209229
NUP192,0.166626
IRC18,-0.0100098
LOH1,-0.0100098
SNX4,0.119873
KAR2,1.7655
TAD2,1.7655
HCA4,0.215027
MAD2,0.15741
BET4,0.15741
YJL028W,0.316528
VPS53,1.10999
RNR2,1.10999
RRN7,0.0355835
APS3,0.140198
PET130,0.00762939
MPS3,0.375488
BBC1,0.375488
CCT3,0.0717163
MAD3,0.211182
VTC4,0.760071
RPC17,0.303406
NOP9,0.149109
CCT8,0.200806
CYR1,0.281006
CTK2,0.281006
COX16,0.191406
SYS1,0.191406
PRE3,0.23468
OST1,0.267578
AVT1,0.218689
MPP10,0.250671
APL1,0.113281
SAG1,0.113281
POL31,0.193726
SUI2,0.365784
MHO1,0.205505
TDH2,2.07568
MET3,1.37817
SPC1,0.206116
GPI14,0.158997
TMA22,0.259705
ILV3,1.00177
ESS1,0.403625
TES1,0.170593
LSM8,0.105103
REC107,0.105103
MDE1,0.587891
BNA1,0.593811
CPR7,0.0690918
GEA1,0.0690918
PET191,-0.00830078
RAD26,0.0177002
RAV1,0.0177002
HUL4,0.0963135
GEF1,0.137695
NUP85,0.0490112
URB2,0.0490112
POL32,0.155823
VPS55,0.242126
TAH11,1.73499
SSC1,1.73499
CYC1,2.7511
ANB1,2.7511
ISY1,0.221008
UTR1,0.221008
OSM1,0.251099
RAD7,0.166996
BFA1,0.0446777
KCH1,0.671204
HIT1,0.730286
YJR056C,0.239929
CDC8,0.369629
PTK2,0.344116
APS2,0.344116
CBF1,0.491272
RPA12,0.537598
CCT5,0.537598
NTA1,0.537598
TOR1,0.203674
ARP3,0.203674
RFC2,0.106201
YAE1,-0.0237021
HAM1,0.284729
LIA1,0.406799
MOG1,0.316406
NPA3,0.32019
HOC1,0.32019
OPI3,0.32019
CDC11,0.272583
BNA2,0.352905
MIR1,0.344788
AIM24,0.188904
EAF6,0.188904
YJR084W,0.083374
ACF4,0.0325928
STE18,0.12561
TMH11,0.12561
BIR1,0.0408936
EMC2,-0.00592041
GRR1,0.0247192
BUD4,0.614014
JSN1,0.614014
FIP1,0.0543213
IME1,0.69458
RPL43B,1.06049
SFC1,0.554077
YJR096W,0.179199
JJJ3,0.0535278
YUH1,0.114502
RSM26,0.299988
AIM25,0.299988
URA8,0.530396
VPS25,0.530396
ADO1,1.59491
SOD1,1.59491
ECM27,0.339294
ABM1,0.111023
YMR1,2.60822
CPA2,2.60822
NNF1,0.268799
RSM7,1.01971
STE24,0.616516
ILM1,0.0610962
YJR120W,0.542908
ATP2,0.767517
JHD2,0.767517
IBA57,0.199829
RPS5,0.664612
ENT3,0.129578
VPS70,0.150513
RSF2,1.59351
MNS1,0.107788
STR2,0.107788
NMD5,0.242615
XPT1,-0.0274048
SGM1,0.102295
TIM8,0.0532837
MCM22,0.074585
TTI2,0.065918
MET5,0.357605
IML1,0.357605
HOM6,0.433472
HIR3,0.0620728
YJR142W,0.0338745
MGM101,0.304626
PMT4,0.304626
RPS4A,2.28943
HMS2,2.28943
BAT2,2.14209
DAN1,0.0969238
DAN4,0.0540161
DAL5,-0.0302734
PGU1,-0.0358276
AAD10,0.0020752
PAU16,-0.0324707
MCH2,0.135193
YKL222C,0.112488
FRE2,0.173523
COS9,0.0266724
SRY1,0.0709229
JEN1,0.976685
URA1,3.50189
OXP1,0.0117188
YRA2,-0.0166016
SAC1,0.343323
DOA1,0.343323
UBA1,0.762329
TRP3,0.762329
CBT1,0.611511
STE6,0.611511
EMC3,0.0513916
LOS1,0.195801
ADD66,0.195801
EAP1,0.0999756
TOR2,0.10022
MNN4,2.10352
PTK1,0.571716
PEX1,0.332825
MIA40,0.348572
YKT6,0.348572
MST1,0.0634155
DPH2,0.242004
SDS22,0.242004
ACP1,0.242004
CNB1,0.282898
HYM1,0.281006
PXA2,0.052124
FAT3,0.177979
ASH1,2.03223
MTR2,2.03223
SPE1,0.695679
LOT5,0.278992
FAS1,3.2608
PRS1,0.381897
RPL17A,0.557129
COY1,0.0667114
STE3,-0.0335083
ZRT3,0.573608
LST4,0.573608
SNU114,0.111816
TPO5,0.111816
EBP2,0.104004
NNK1,0.430481
MRPL38,0.173828
KKQ8,0.269897
MRP49,0.269897
TPK3,0.248108
MCD4,0.333984
PIR1,2.92999
PIR3,2.8783
KDX1,0.96759
ELF1,0.0910034
APE2,0.114929
RCN1,0.261598
RPS27A,0.794983
SRP102,0.104797
RSM22,0.104797
GPM1,2.66193
MCR1,0.433472
NNR2,0.433472
DBR1,-0.00598145
AVT3,0.320984
SDH1,0.320984
RPT1,0.0880127
LTV1,0.21759
RPC25,0.21759
MRP8,0.282227
SDH3,0.0421143
TGL1,0.0946045
CTK1,0.101929
CMC1,0.25177
HSK3,0.25177
MRPL31,0.25177
APL2,0.142822
OCT1,0.0947266
RMA1,0.205017
SHE2,0.265015
MYO3,0.254578
PMU1,0.323608
PGM1,0.9375
YPK1,0.160217
RRN3,0.32843
SSH4,0.104187
SRP21,0.140503
OAC1,1.52972
SBA1,0.337708
VPH2,0.337708
PRR1,0.341919
APN1,0.12262
ABF1,0.338318
RAD27,0.338318
KTI12,1.98352
HAP4,3.51288
SLD2,0.0869141
AAT1,0.288025
SEG2,0.200928
GFA1,1.54651
HSL1,1.65771
APE1,1.65771
MTC2,0.149597
UTP11,0.149597
CWP2,4.25629
CWP1,2.50787
YJU2,0.335876
YJU3,0.127014
MBR1,0.304321
BUD2,0.166391
YKL091C,0.0310059
CUE2,0.0310059
MIF2,-0.0020752
CAB3,0.0775757
SRX1,0.210205
CYT2,0.210205
MDH1,0.267212
HOT13,0.104004
TEF4,1.38818
RRP14,1.38818
VMA5,0.517395
SMY1,0.606995
DHR2,0.126404
LHS1,0.216797
MUD2,0.216797
STB6,0.0150146
YKL069W,0.206787
NUP100,0.348389
YNK1,0.703491
MNR2,0.189087
YET1,0.189087
MSN4,2.11609
BLI1,0.00219727
FBA1,2.59381
TOA2,0.247986
MPE1,0.133118
NUP120,0.672119
TMA19,0.97821
OAR1,0.333984
DEF1,0.775574
MDM35,0.312683
SFK1,1.99219
ASK1,1.99219
YKL050C,0.0571899
CSE4,-0.0217896
ELM1,0.151306
PRI2,0.157227
DCW1,0.157227
PHD1,3.38342
SPC42,0.276306
VPS24,0.00402832
PTM1,0.34967
NFU1,0.34967
RGT1,1.57092
AIM26,0.197205
UGP1,0.378418
TUL1,0.0020752
TTI1,0.0921931
IXR1,2.42322
TFA1,1.8811
MAE1,1.8811
TCD2,0.282898
GPX1,0.223999
PAN3,0.296082
URA6,0.614624
CDC16,0.186401
MAK11,0.1203
RAM2,0.397522
SPT23,0.397522
SWD2,0.233704
PUT3,0.772583
HCS1,0.686096
ATP7,0.772583
URB1,0.251587
PRP40,0.0858765
ARC19,0.0858765
CCE1,0.0186157
MRT4,0.533325
UFD4,0.533325
CAP1,2.56079
LAC1,2.56079
RPL14A,0.702271
SFT1,0.702271
AUR1,0.351995
BYE1,0.351995
DID4,0.170227
MRP17,0.117188
MET14,0.592293
PAP1,0.16749
VPS1,0.16749
OSH6,0.151917
ECM9,0.194885
MEH1,0.114929
RSC4,0.268616
MRPL13,0.268616
FOX2,0.186096
TOF2,0.0213013
YKR011C,2.31122
PRY2,2.31122
YPT52,0.256485
MIC60,0.172119
HEL1,0.16272
YKR018C,0.202087
VPS51,-0.0217143
IRS4,0.145325
ALY1,0.145325
NTR2,0.0344849
RPC37,0.468994
DBP7,0.468994
GCN3,0.286194
BCH2,0.424011
SAP190,0.129395
GMH1,0.22052
SET3,0.22052
DAL80,0.258118
SPO14,0.258118
DID2,0.0571899
CAF4,0.0394287
SPC34,0.128479
KAE1,0.951721
GAP1,2.65442
YKR041W,0.951416
UTH1,3.77502
UIP5,0.364685
SHB17,0.364685
PLN1,0.929382
NAP1,0.28363
TRK2,0.261475
FMP46,0.245789
MRS4,1.02301
YSR3,0.0490112
RHO4,0.252686
DYN1,0.252686
TRM2,-0.0158081
RPS21A,0.637207
GLG1,0.385925
TIF1,0.704259
UTP30,0.32373
KTR2,0.577087
TFA2,0.567627
OAF3,0.133728
LAS1,0.133728
PAM17,0.185181
GPT2,0.228516
CCP1,0.228516
MET1,0.718201
BET3,0.718201
DRE2,1.6474
AIM29,0.488403
SIS2,0.488403
ECM4,1.48798
MSA2,0.314514
YKR078W,0.116272
MTD1,1.2428
TRZ1,1.2428
NUP133,0.233893
RPF2,0.233893
DAD2,0.214478
PRP16,0.170288
HBS1,0.170288
MRPL20,0.0488281
OMA1,0.264526
TVP38,0.201782
PXL1,0.806824
TGL4,0.806824
SRL3,0.645691
SRP40,2.64256
PTR2,3.08368
RPL40B,0.784973
MLP1,0.784973
PCC1,0.193909
ESL2,0.379883
PCK1,1.4101
BAS1,0.312195
UBP11,0.312195
SIR1,0.0424194
SKG1,0.0374756
FLO10,1.05408
NFT1,0.020874
YKR104W,-0.0921021
PAU18,0.552002
AYT1,-0.0136108
MMP1,0.494995
MHT1,0.494995
GTT2,0.416077
JLP1,-0.041687
YCT1,0.871887
AQY2,1.79559
FRE6,0.623413
LDB18,0.621207
COF1,0.395203
YBT1,0.27533
RNP1,0.604004
RPL8B,1.0462
FPS1,0.543213
ATG10,0.184509
SDH2,0.0601196
VPS13,0.223511
UBI4,2.13782
ENT4,0.301208
GRC3,0.254578
PRP19,0.254578
IRC19,0.0258179
RIX7,0.0244751
YLL032C,0.206604
GPI13,0.324649
FRA1,0.359375
TPO1,2.24261
ISA1,2.38239
HSP104,2.34851
PAU17,0.338199
SSA2,3.08881
POM33,0.304993
SPA2,0.172791
HIF1,0.172791
KNS1,0.725403
COX19,0.303101
DPS1,0.24762
BPT1,0.100403
EMC6,0.169922
YEH1,1.75537
PUF3,1.75537
SOF1,0.225403
PSR1,0.434091
DRS1,0.434091
COX17,0.178772
MMM1,0.10553
ORC3,-0.00871401
SPO75,-0.0103149
SFI1,0.0629883
RTT109,0.00341797
DNM1,0.196411
NOC3,0.198425
CMS1,0.171082
SSL1,0.155029
THI73,0.155029
NSE1,0.43103
SSK1,0.43103
RLP24,0.460205
PAM18,0.460205
LOT6,0.401306
TEN1,0.401306
GAT3,-0.0739068
BRE2,0.0598755
PPR1,-0.0197754
MEU1,0.0825806
PML1,0.205078
PSR2,0.581482
POM34,0.581482
IRC25,0.10498
YEH2,0.10498
SDO1,0.291199
IZH3,1.41919
UBR2,0.118103
SNF7,0.0775757
SED5,0.462708
AAT2,1.19849
ADE16,0.696472
RPL15A,1.18622
RAD5,0.205017
RSC58,0.162109
SMF3,0.485901
MLH2,0.607986
PAU23,0.119019
COX12,0.449402
RIC1,0.0911865
TRX1,0.592407
PDC1,4.56097
STU2,0.0925293
RPS0B,0.339478
FRE8,0.354799
IES3,0.282593
FCF2,0.257324
OSW2,0.161316
ERG3,3.06329
SPT8,3.06329
MNL2,0.347229
SHM2,1.68372
FRS1,0.801086
REX2,0.418884
RPL22A,1.09442
PER33,0.514893
SPC3,0.126282
SND2,0.126282
FYV7,0.149296
PET309,0.149296
MEF1,0.186096
XYL2,0.019104
RGR1,0.170776
RFU1,1.51172
RPL10,1.86908
BUD20,1.86908
FMP25,1.44788
SIC1,0.36377
BOS1,0.36377
EMP46,0.235395
GAL2,0.540405
SRL2,0.0841064
EMP70,0.198975
RAX2,1.71613
SMC4,0.148621
ARP6,0.148621
GAA1,0.09021
CSF1,0.09021
XDJ1,0.518494
ALT1,0.518494
GEP5,0.167175
SUL2,0.476807
NYV1,0.427673
GIS3,1.21362
KIN2,0.310608
IOC2,0.310608
HRT3,0.067627
CHA4,0.0695801
MIM2,1.03052
ERG27,1.03052
ICT1,1.03052
APC9,0.271729
CDC45,0.150698
SEN2,1.08911
REX3,0.125793
REA1,0.125793
AHP1,3.82813
YLR108C,3.82813
CCW12,5.11322
HOG1,4.89203
CFT2,0.0977783
AVL9,0.0977783
MSL5,0.211304
SRN2,-0.00500488
CLF1,-0.00665244
TML25,-0.00939941
YPS1,0.694092
YPS3,0.74707
YLR126C,0.15802
DCN1,-0.0253906
APC2,-0.0253906
DIP2,0.207825
ZRT2,1.89899
ACE2,0.353577
CKI1,0.132629
USB1,0.132629
PDC5,0.443298
SLX4,0.201904
RKM5,0.485596
TIS11,0.485596
NHA1,0.165588
RRN5,0.385193
SLS1,1.91919
PUT1,2.38452
DPH6,0.356628
RMP1,0.0755005
ACF2,0.0755005
PEP3,0.174316
SPE4,0.174316
SMD3,0.0765991
STM1,1.21942
YLR149C,1.21942
PCD1,0.14978
ACS2,2.52771
RNH203,1.45758
YLR162W,0.586796
SHH4,0.123413
MAS1,0.153015
PUS5,0.142286
RPS31,1.0705
SEC10,1.0705
UPS2,0.746704
APS1,0.449829
DPH5,0.353577
IDP2,0.453674
CBF5,0.63562
RFX1,0.0386963
TFS1,0.684082
SAM1,1.55292
YLR179C,1.55292
SWI6,0.180298
VTA1,0.180298
RPL37A,0.356384
EMG1,0.473572
TOS4,0.367004
SKG3,0.228088
MDL1,0.131592
MMR1,0.630981
ATG26,0.630981
PEX13,0.368103
HCR1,0.294983
UPS1,0.362976
NCW2,0.78418
PWP1,0.375977
NMT1,0.375977
NOP56,0.514526
YKE2,0.122375
PBA1,0.0079978
COQ9,0.0684204
QRI5,0.263306
MSS51,0.263306
ENT2,1.46991
HMX1,1.46991
HRD3,0.114685
SEC13,0.23877
CLB4,0.177185
PNP1,0.177185
TUB4,1.15619
FRE1,2.56958
CRR1,2.56958
CDC123,0.0725098
MSC3,0.961182
CPR6,0.961182
COA4,0.153076
CCC1,0.705627
RSA3,0.193726
UTP13,0.167175
IFH1,0.298828
BUR2,0.526611
ADY4,0.453491
ECM22,1.14111
CDC42,0.233521
BNA5,0.22052
TOP3,-0.00189209
EST1,-0.00189209
THI7,0.751587
FAR10,0.189697
VPS34,0.0437012
LIP2,-0.0646973
GPN3,0.0529175
ARV1,0.0529175
ERF2,0.356628
MAP1,0.356628
CDD1,0.329407
RCK2,0.287599
IRC20,0.287599
YEF3,1.72729
SSP120,0.73938
SYM1,0.174683
NDL1,2.67963
HAP1,2.87769
YLR257W,1.63971
GSY2,0.266907
LCB5,1.32709
HSP60,1.32709
YPT6,0.247498
RED1,0.247498
TMA7,0.247498
RPS28B,0.622925
NEJ1,0.1922
PDR8,0.53009
SEC22,0.220093
DCS1,0.138
YCS4,0.235718
MCM5,0.156189
PIG1,0.156189
SMD2,-0.0305786
DBP9,0.210083
YSH1,0.102905
NNT1,0.167908
ECI1,0.167908
CTS1,1.66138
RPS30A,0.846802
GUF1,0.0477905
MEC3,0.135193
GCD7,0.270874
SEC72,0.374695
GSP1,0.740112
ATP14,0.790405
YLR297W,1.41858
ECM38,0.312805
YHC1,0.312805
EXG1,2.91217
HRI1,0.496216
MET17,1.04498
ACO1,2.15131
UBC12,0.0480957
STT4,0.0487061
CDA1,0.00341797
CDA2,0.153687
IMH1,0.0
CDC25,0.177612
MRPL15,1.06641
SPH1,0.101501
NKP2,0.228882
CDC3,0.228882
EST2,0.21228
TAD3,0.121094
MMS22,0.0526123
BUD6,0.0526123
SFH1,0.157227
PEX30,0.184326
CWC24,0.184326
RPL38,1.04669
TMA10,0.679016
NMA1,0.722412
REC102,0.0130005
CHS5,0.352722
MID2,2.51868
RPS25B,0.906494
NUP2,0.906494
SGD1,0.209229
RPP0,0.938599
VRP1,0.938599
SPO77,0.598022
FKS1,4.30438
GAS2,0.238586
RPL26A,0.624573
KAP95,1.13721
ORM2,0.672119
DIC1,0.672119
NIT3,0.0396729
BUD8,0.567017
TAL1,1.09821
ATG33,2.55957
ILV5,2.55957
RSC2,0.103027
ADE13,0.219727
VPS38,0.30957
STE11,0.0463867
DCR2,0.0463867
YLR363W-A,0.22467
GRX8,0.286926
NMD4,0.286926
RPS22B,1.58612
MDM30,0.459778
SSQ1,0.0172119
ROM2,0.226685
ARC18,0.226685
ELO3,0.79248
STP3,0.392273
VID22,0.392273
PSY3,0.0272886
FBP1,0.540771
CSR1,0.619385
SEC61,0.619385
CTF3,0.153381
SMC6,0.177185
NAM2,0.177185
VAC14,0.128601
IKI3,0.120178
SWC7,0.0249023
RPS29A,1.02161
REH1,1.02161
ECM19,0.291382
CCW14,0.997498
STE23,0.997498
ATP10,0.16272
CST9,0.16272
ART10,0.16272
COX8,0.532776
VPS33,0.249817
AFG2,0.183472
SKI2,0.161987
BDF1,1.02667
SFP1,1.59399
DUS3,1.59399
SEI1,0.348022
DUS4,0.113525
RPL31B,0.606995
BLS1,0.206299
VIP1,0.328674
UTP21,0.328674
CTR3,0.395813
BER1,0.132202
VPS36,0.943726
PUN1,0.943726
CDC73,0.217896
URA4,0.624512
RPN13,0.308105
SPP382,0.0661011
ATG17,0.0661011
TUS1,0.067688
MAG2,0.138977
CRN1,0.208594
SEN1,0.173889
IMD3,0.792114
ATG23,0.792114
TSR2,0.142822
CNA1,0.142822
CAR2,1.70532
ECM30,1.63486
DIF1,1.70532
MRPL4,0.353027
LSM3,0.353027
SEC39,0.5
RPS1A,1.211
ECM7,0.255371
SIR3,0.255371
GMC2,0.0283813
RPL6B,0.444702
VMA6,0.486511
FPR4,0.350891
HMG2,0.148987
LEU3,0.303101
SST2,0.54303
RIF2,0.406799
PDP3,0.164124
GAB1,0.180908
NBP1,0.128418
PAU4,0.388123
YML131W,0.164989
ERO1,1.08459
COX14,0.175171
RSC9,0.213379
MSC1,0.213379
ERG13,1.05768
PGA3,0.357178
TUB3,0.492004
GTR1,3.1687
PHO84,3.1687
NDI1,0.386475
NGL3,0.0557251
NAB6,0.282294
ATR1,1.46393
VAN1,0.236877
DAT1,0.363525
TAF8,0.363525
CTK3,0.251587
BUL2,0.669678
ZDS2,-0.0195923
COQ5,-0.0195923
YML108W,0.106323
URA5,0.403992
PML39,0.403992
SEC65,0.0975952
MDM1,0.111023
CAC2,0.745422
NUP188,0.745422
TSL1,0.735596
CUE4,0.735596
TAF13,0.339294
ARG81,0.339294
VPS9,-0.0184937
GIM5,0.0510254
UTP14,0.195313
RAD10,0.195313
PRE8,0.552612
RPM2,1.49847
UFO1,1.49847
AIM33,0.0864868
ALO1,0.107422
TUB1,0.088501
YML083C,0.248291
TDA9,0.283813
ATP18,0.283813
DUS1,0.0325928
CPR3,0.191101
BET5,0.208313
WAR1,0.463318
HMG1,2.90411
FPR3,0.213623
RPL6A,0.401428
TCB3,0.410706
COG8,0.204895
DAK1,0.000610352
POB3,-0.0283813
ITT1,-0.0020752
ERV41,0.0942993
ORC1,0.0214844
SMA2,0.0214844
RPS1B,0.5271
TEM1,0.5271
MFT1,0.107117
OGG1,0.00280762
PIF1,0.00280762
HUG1,0.733276
NTE1,1.0777
SML1,1.0777
CMP2,1.0777
SPC2,0.730225
IMD4,0.730225
CYB2,0.536194
SUR7,1.46442
GAL80,0.313293
AIM32,-0.0250122
GSF2,0.0339966
RSE1,0.0339966
PRP39,0.0847168
PRM6,0.0847168
CAT2,0.177185
RRN11,0.177185
VPS71,0.675599
YMD8,0.344116
CGI121,0.256104
SRC1,1.20331
AMD1,1.20331
NDC1,0.302673
RAD52,0.302673
RCF1,0.0784912
USA1,0.0863037
TSA1,1.44647
YOX1,2.3186
RPS18B,0.464294
RPS17A,0.39032
YML6,0.408813
APT1,0.272522
NSE5,0.272522
UNG1,0.0701904
OST6,-0.0715942
PSP2,0.715881
YML018C,0.715881
PPZ1,0.325989
TRM9,0.238892
UBX2,0.0473022
TAF11,0.0473022
ERV25,0.364685
SPT5,0.11731
RAD33,0.0283203
MRPL39,0.341309
YAP1,2.0108
ERG6,2.0108
GIS4,0.466919
TRM12,0.323303
GLO1,0.27002
YPT7,0.000427246
MIX17,0.757202
CDC5,0.757202
AIM34,0.504883
MVP1,0.150208
TAF4,0.118774
PLB2,1.29437
PLB1,0.741882
ADI1,0.654907
HXT2,2.36621
CLU1,0.284119
SEC59,1.8634
BUD22,0.749695
ERG5,2.90619
SOK2,3.83087
SPO20,3.88147
STB4,0.126282
FMS1,0.108398
UBC7,0.291382
MAC1,0.291382
MRPL3,0.122803
MSS1,0.151611
CSI1,0.198914
PEX12,0.182373
TAP42,-0.00340898
RSF1,0.0980835
FAR8,0.0924072
HOF1,0.982483
EIS1,0.982483
ARP9,0.0772705
IMP2,0.141602
MIH1,0.0957031
MSN2,2.60138
CCS1,1.12421
YET2,0.236206
SUB1,0.236206
ARG80,0.521606
ARA2,0.913818
MCM1,1.85358
IOC4,0.252808
CSM3,0.140015
NUP116,0.140015
ERB1,0.140076
FAR3,0.415486
STV1,0.259521
STB2,0.259521
BUB2,0.846191
FET3,3.26288
AAC1,3.26288
SEN15,0.299805
RNA14,0.20282
SAM37,0.19043
RIM9,0.414124
AEP1,0.167786
ARG7,0.414124
KAR5,0.0723877
SOV1,-0.0684204
AVO2,0.245789
UBX4,0.245789
NAT4,0.508423
MOT3,3.3822
ABF2,0.412476
TVP18,0.412476
RCO1,0.2771
IRC21,0.2771
SDD2,0.2771
PDS5,0.284973
VPS20,0.126892
SEC14,0.303223
CTF18,0.303223
NAM7,0.175781
ISF1,0.732727
ADH3,1.3089
SEG1,0.483582
PDL32,0.101501
VBA1,0.156677
YTA12,0.137207
NPL6,0.163818
UTP15,0.256409
AIP1,0.256409
CTF13,0.133606
SNZ1,0.0957031
SNO1,0.0957031
MTG1,0.0974731
ATP25,0.336609
YMR099C,0.145386
MUB1,0.299805
SRT1,-0.0354004
YPK2,0.180115
PGM2,0.310303
YKU80,0.352722
SPG4,-0.0355835
ILV2,2.302
MYO5,0.417725
HFD1,0.0396729
EUC1,0.271423
FOL3,0.271423
MED11,0.271423
MGR3,0.0916748
YMR114C,-0.00970459
ASC1,1.06091
SPC24,0.254578
ASI1,0.373413
ADE17,0.363525
RPL15B,2.94861
PKR1,0.334229
STO1,0.324524
ECM16,0.135376
SAS2,0.135376
POM152,0.19342
RRB1,0.328979
REC114,0.235718
ERG29,0.53363
GID8,3.87891
GAT2,3.87891
CIN4,0.000671387
RIM11,0.108097
PSO2,0.106506
SIP5,0.0465698
RPS16A,0.702271
RPL13B,0.702271
NDE1,3.2124
TIF34,0.377991
LDO16,0.116089
SWP1,0.300293
YIM1,0.0582275
IMP1,0.0582275
NUP53,0.0759888
RIM13,-0.00689697
TPP1,0.0734253
MRPS8,0.115784
AIM36,0.115784
YMR160W,0.0541992
ATG16,0.0541992
HLJ1,0.262695
DNF3,0.18219
INP2,0.124023
MSS11,0.238586
PAH1,0.226318
MLH1,0.127693
CEP3,0.124573
ALD3,0.0950928
ALD2,-0.0230103
HOT1,0.775879
EAR1,0.775879
DDR48,0.617981
SIP18,0.136414
PAI3,0.132813
ECM5,0.072876
MMT1,0.372192
FPY1,-0.0751953
SPT21,0.307007
CTL1,0.55011
RGM1,1.07819
ADD37,0.52887
SSO2,0.52887
RTP1,0.52887
HSC82,2.30609
GCV2,0.794678
MRPS17,0.794678
SPG5,0.177002
SGS1,0.177002
GYL1,0.00488281
MRPL24,0.12739
RPL36A,0.559998
ICY1,1.99323
CMC4,1.99323
CIK1,0.310608
VTI1,0.310608
CLN1,4.14172
ROT1,0.268005
ERG2,0.902893
RAD14,0.902893
TOM40,0.755493
INP1,0.213698
PFK2,2.48218
ERG12,0.4104
HFA1,0.4104
MGL2,0.226685
DML1,0.393616
CEF1,0.178894
EFR3,0.178894
SCJ1,0.237
GAS3,0.18927
GUA1,0.871094
SKY1,0.871094
ESC1,0.0621948
TRS130,0.0621948
ERG8,0.447815
UBP8,0.128296
FSH2,0.126099
MRE11,0.257202
MRPL44,0.204773
YMR226C,0.239197
MTF1,0.137695
TAF7,0.137695
RRP5,0.441406
RPS10B,0.786621
PEP5,0.430725
FUS2,-0.0388794
TRI1,0.0980835
RNH1,-0.021648
TAF9,0.2099
BCH1,0.237671
RNA1,0.237671
DFG5,0.42627
RNT1,0.197205
YHM2,1.62622
CUS1,1.62622
RPL20A,0.523682
ZRC1,1.04901
FAA4,1.6308
COA6,1.6308
RKR1,0.562012
GAD1,0.108521
GTO3,-0.0510254
HOR7,2.362
GFD1,0.48822
COX7,0.526611
PET111,-0.0214844
ROY1,0.00671387
TRM732,0.501587
TIF11,0.313721
TPS3,0.226624
SAP30,-0.0198975
CUE1,0.0194702
RSN1,2.18121
PPA2,0.069397
TMA23,-0.0172729
PRP24,-0.0187988
RRN9,0.161377
URA10,0.226685
SCS7,0.785889
ZDS1,0.0153809
RCE1,0.0250244
DSK2,0.169617
BUL1,0.203979
FCP1,0.199402
PRM15,0.00531006
ATR2,0.344971
GPI12,0.374023
CAT8,0.374023
AEP2,0.429993
RIT1,0.344727
YKU70,0.344727
MRPL33,0.168518
NGL2,0.168518
HSH155,0.0845947
DSS1,0.0845947
ABZ2,-0.059082
TDA1,1.74402
HAS1,1.74402
GOT1,0.115173
JNM1,0.0383301
HER2,0.0327759
YMR295C,0.422119
PRC1,0.992981
LCB1,0.992981
LIP1,0.166992
DYN3,0.316772
ADE4,0.435425
ATM1,0.0114746
YME2,0.78949
UBP15,0.414307
ADH2,0.207886
FKS3,2.83392
SCW10,2.83392
GAS1,2.78833
PSE1,0.346191
NIP1,0.420227
ELP6,0.229004
GLC8,0.229004
PRE5,0.706604
TGL3,0.706604
YMR315W,1.03131
DIA1,0.163025
ADH6,0.537109
FET4,1.80322
ERR3,-0.494873
COS1,0.68989
THI12,-0.0032959
SNO2,-0.0032959
AAD14,0.0328979
RPD3,0.243896
PEX6,1.41229
EGT2,2.01282
MDJ2,2.01282
PFA3,0.129883
LEM3,0.105103
FIG4,0.105103
VNX1,0.307007
KRE1,0.307007
PFS2,-0.0269165
HXT14,-0.0269165
PHA2,0.114197
DAL82,0.0681152
ATP11,0.125671
RFA2,0.395081
EMW1,0.395081
STB1,0.412598
SKP2,0.412598
ZIM17,0.224915
KRI1,0.0764771
MRPS18,0.2052
MCK1,0.2052
YPT11,0.178223
BXI1,0.178223
RPS19B,0.3974
RPL18B,2.41718
TRF5,1.7226
CLA4,0.925903
MON2,0.106384
MSB3,0.2995
RIM21,0.2995
PUS4,0.141785
RFC3,0.187805
MID1,0.187805
PCL1,3.3623
CAF40,0.942871
SEC21,0.33783
CUS2,0.0643921
MRPL10,0.465088
POP3,1.37598
WSC2,1.37598
HCH1,1.20679
PRM1,0.502808
ERG24,0.502808
CAF120,0.73468
MET2,0.87207
BOR1,0.21228
TOF1,0.188782
GOR1,0.188782
SEC2,0.202271
BNI1,0.202576
BSC4,0.0463867
LYP1,1.85608
ALP1,1.85608
PIK1,0.248718
IST1,0.172913
PDR17,0.257393
POL2,0.0444946
YIF1,0.0444946
ORC5,0.0982056
LTO1,0.19751
ATX1,0.19751
DSL1,0.0571289
FOL1,0.0137939
SIP3,0.0524902
GIS2,0.425903
TEX1,0.212402
RTC4,0.212402
MRPL17,0.106628
RAD50,0.688477
NRD1,0.688477
MPA43,0.0795288
CRS1,0.173523
RPA49,0.173523
VPS75,0.128601
SLA2,0.41333
CWC25,0.41333
SUI1,0.41333
ATG2,0.0098877
ZWF1,1.77551
LAP3,0.261414
NAR1,0.261414
KEX2,0.247009
YTP1,0.0875854
SIN4,0.0526733
YNL234W,0.597595
BNI4,0.0734863
CSL4,0.148926
PDR16,3.1817
ELA1,0.192505
URE2,0.38623
JJJ1,0.0336304
CNM67,0.0906982
ATG4,0.180786
SQS1,0.180786
SSU72,0.031189
ADE12,1.00732
POP1,1.00732
MGS1,0.31543
ALG9,0.31543
RAP1,0.520691
IES2,0.115784
PEX17,0.0162964
VID27,0.190918
RRG9,0.190918
MER1,-0.00628662
SSB2,0.7052
YNL208W,0.697571
RIO2,0.446289
RTT106,0.238525
SPS19,0.13739
SPS18,0.13739
PSY2,0.0471802
NNR1,0.0722046
GCR2,0.179871
WHI3,0.189575
YNL194C,0.162903
CHS1,1.44092
DUG3,0.149597
YNL190W,1.22028
SRP1,0.257813
KAR1,0.225403
SWT21,0.109375
UBP10,0.938477
MRPL19,0.193176
NPR1,0.235718
IPI3,0.294006
RHO5,2.3125
RPS3,3.05719
MRPL22,0.232117
NOP13,0.266418
APC1,0.895325
MDG1,0.895325
PSD1,0.33667
SKO1,0.0460205
BNI5,0.121704
IBD2,0.253784
RIA1,0.111084
RPL42A,0.413574
CBK1,0.760376
YGP1,0.933228
PGA1,0.10321
IGO1,0.23291
ASI2,0.23291
NSG2,0.543884
CUZ1,0.543884
INN1,0.574707
YCK2,0.574707
GIM3,0.222778
RPC31,0.180298
PGA2,0.947693
LSM7,0.947693
ALF1,0.243896
MFA2,2.97528
MEP2,0.916687
AAH1,0.296692
YSF3,0.179391
SRV2,0.179391
THO2,0.179391
EAF7,0.0626221
NAM9,0.0626221
FPR1,0.233097
YNL134C,0.573191
KRE33,0.458801
FYV6,0.458801
TOM22,0.0405273
NRK1,0.358887
CPT1,0.358887
TEP1,0.153625
FAR11,-0.0503899
SPC98,-0.0269775
NAF1,1.435
ESBP6,1.435
NMA111,0.283875
NCS2,0.2005
TOM70,0.2005
MLS1,0.625916
DCP2,0.625916
DMA2,0.341675
RPC19,0.2854
DBP2,0.672913
CYB5,1.90851
NOP15,0.128784
YAF9,0.171021
INP52,0.315613
MET4,2.14038
LEU4,2.14038
POL1,0.262329
AVT4,0.502502
MIC27,0.203125
OCA1,0.020874
RAS2,0.411072
PHO23,0.547729
RPS7B,0.571228
APP1,0.0964966
YPT53,0.0805054
NST1,0.0455933
RHO2,0.358276
TOP2,0.0446167
TCB2,0.806519
SNN1,0.0784912
MKT1,0.139771
SAL1,0.100708
END3,0.100708
PMS1,0.0462036
SWS2,0.191223
EOS1,0.946486
NIS1,1.16199
TPM1,1.16199
APJ1,1.6828
MKS1,0.203125
IMP4,0.155884
MSK1,0.340576
MLF3,0.340576
RNH201,0.0510864
LAT1,0.264282
TOM7,0.175476
RPL16B,0.542725
FKH2,0.479309
RPL9B,1.10828
SUN4,1.41443
AQR1,2.28998
MTQ1,2.71259
YDJ1,2.71259
NOP2,0.226074
GCD10,0.226074
ARP5,0.297607
OCA2,0.838074
POR1,1.32703
VAC7,0.513239
MSG5,0.981812
COX5A,0.305115
COG5,0.2771
ALG11,0.124695
SFB2,0.124695
LAP2,0.330505
SLM2,0.330505
YIP3,0.182129
BOP3,0.323608
COG6,0.110901
BDP1,0.0977783
GPI15,-0.0299072
NCE103,2.26367
IDH1,2.26367
YNL035C,0.289795
SIW14,0.0667725
HHF2,4.26508
HHT2,4.26508
CRZ1,0.36908
KTR5,0.36908
SAM50,0.10321
SSN8,1.05048
KSH1,0.31189
FAP1,0.1698
HDA1,0.21283
RCM1,0.21283
ARK1,0.0578003
PUB1,0.533325
PBI2,0.933411
HEF3,0.253296
SPO1,0.0270996
IDP3,0.15741
ASI3,0.317017
LST8,2.67761
SIS1,2.67761
HRB1,0.288818
MRP7,0.29657
PET8,0.316772
DOM34,0.358582
RLP7,0.358582
CIT1,0.656311
ATO2,0.22229
SWM2,0.00738525
RPC34,0.00738525
VPS27,0.0460815
LRO1,0.0045166
ATG3,0.0197754
NRM1,1.02899
CSE2,0.229797
URK1,0.254211
PRP2,0.254211
PHO91,0.861389
SMM1,0.587219
TIM23,2.47302
ACC1,2.47302
RCF2,1.66541
ARE2,1.8244
ATP23,0.213074
SNF12,0.0388184
MRPL50,-0.0565796
MPP6,-0.0529785
BUD17,0.083313
SEC12,0.0479736
CPR8,0.496704
ALG12,0.0689087
PPG1,0.272583
SSK2,0.272583
ABZ1,0.213501
HUB1,0.213501
SOL1,0.329285
ARC35,0.36322
DBP6,0.36322
MRPS12,0.36322
RSM19,0.183289
ZRG17,0.186829
MVD1,0.516602
COQ2,0.516602
AGA1,0.250488
PET494,0.0380859
TRM112,0.332893
FPK1,0.336792
YNR048W,0.00469971
MSO1,-0.0101929
LYS9,1.60742
BRE5,0.371826
POP2,0.541077
NOG2,0.648193
ESF2,0.188782
HOL1,0.326111
BIO3,0.259827
BIO5,0.259827
BIO4,0.228516
MNT4,0.0634155
FRE4,3.35199
YNR061C,0.0874023
YNR064C,0.242194
DSE4,2.22479
BSC5,1.10852
AIF1,0.241821
COS10,0.269287
PAU6,0.144592
AAD15,0.349
BDS1,0.0643921
PAU20,0.22168
YOL159C-A,0.0792236
CSS3,0.265199
ENB1,1.15381
HXT11,0.617004
IMA2,0.617004
HPF1,0.348694
ZPS1,0.0372925
FRE7,0.81842
GRE2,0.581604
DCP1,0.0317993
SPT20,0.0471802
PSF3,0.2854
PEX11,0.2854
NOP8,0.0933228
CTR9,0.0933228
RRP40,1.8197
PPM2,1.3241
RIB4,1.8197
ARG8,0.862183
CDC33,0.396729
BSC6,0.334229
RTC1,0.334229
PFK27,1.43927
HRT1,1.16083
MED7,0.161585
GAS4,0.00531006
ALR1,0.282104
VPS68,0.259583
RPL25,0.525208
YGK3,0.525208
TRM13,3.74707
MDH2,3.74707
HRP1,0.591003
TRM11,0.591003
SMF1,0.63092
RPS19A,1.06451
RPL18A,1.29169
RRI2,2.02661
MCH4,2.02661
MSN1,0.147095
PAP2,0.117126
SKM1,1.60663
MSB4,0.627014
SHR5,0.841919
MDY2,3.09967
ZEO1,3.1427
INO4,0.240173
WSC3,0.0252075
NDJ1,0.548098
ITR2,0.93811
TPT1,0.0452881
PKH2,0.339478
IZH4,0.34729
WRS1,0.233826
COQ3,0.0610962
HMI1,0.0640869
TRM10,0.0806274
RFC4,0.0806274
YPQ1,0.152527
SPO21,0.130371
MSH2,0.201782
HAL9,-0.020874
MPD2,0.0993042
MHF1,0.241394
DUF1,0.394226
ADH1,2.57288
PHM7,2.14219
ATG34,-0.0493164
ATG19,1.07642
IRA2,1.11139
AVO1,0.13501
REX4,0.115601
ATP19,0.237488
MDM20,0.302612
BRX1,0.302612
THP1,0.0637207
DSC2,0.0637207
SDH5,0.0598145
NUF2,0.318176
NBA1,0.318176
HST1,0.17749
RTG1,0.17749
RIB2,0.222717
INP54,0.249084
MET22,0.167786
CRT10,0.0540161
PRS5,0.266602
APM4,0.266602
GPD2,2.284
MAM3,2.284
ARG1,1.65143
YOL057W,0.0834961
GPM3,0.0322266
THI20,0.465027
PSH1,0.368225
AIM39,0.083313
DDR2,1.41101
SPE2,0.801697
GAL11,0.801697
GSH2,0.0692749
RRT8,0.161621
PSK2,0.201416
LDS2,0.201416
PEX15,0.106079
NGL1,0.0725098
NTG2,0.0911255
NOP12,0.614502
RPP2A,0.860413
RPS15,0.860413
PRE6,0.639099
SMC5,0.690613
MSE1,-0.0390015
OPI10,0.159912
GAS5,0.564819
SIL1,0.564819
YAP7,0.7901
MDM38,0.352112
LAG2,0.295776
MIM1,0.201782
IFM1,-0.0396729
TSR4,0.332397
TAT2,1.99481
DIS3,1.99481
ESC8,0.380127
TLG2,0.380127
IRC10,0.268005
CMK2,0.268005
HRD1,0.24823
PLB3,1.15228
HTZ1,1.15228
RCL1,0.312988
COQ10,0.0695801
MDM12,0.0545044
CSI2,2.95221
TOP1,0.538208
SIN3,0.477722
RPB11,0.477722
PFA4,0.0986938
PHO80,0.348877
IZH2,0.348877
RRP6,0.00750732
ALG6,0.207703
YSP3,-0.00012207
UTP23,0.249695
DNL4,0.229309
TSR3,0.205078
SGT2,0.682617
SLG1,0.600708
TIR4,0.212891
TIR2,0.351013
AUS1,0.121094
RTS1,0.263184
PET127,0.00311279
ERP4,0.00311279
ROD1,0.739014
YOR019W,-0.0552979
HSP10,1.11011
SFM1,0.171082
HST3,0.73291
AHC1,0.73291
BUB3,0.272583
STI1,1.987
CIN5,2.42151
DFG16,0.0726929
CRS5,0.10083
HMS1,2.46381
EXO1,0.311707
AKR2,0.261414
SHE4,0.143921
PEP12,0.143921
CYC2,-0.0289917
CKB2,0.39509
HIR2,0.39509
GLO4,-0.00421143
CUE5,0.838806
WHI2,1.04858
IRC23,0.532288
TOM6,0.257629
DBP5,0.0869751
STD1,0.896301
RAT1,0.158081
RSB1,2.23712
ETT1,1.04858
TMC1,0.448486
VHS3,0.39093
SGT1,0.204102
NOB1,0.173828
ASE1,0.517883
LPL1,0.200623
CKA2,0.195923
SLD7,0.195923
RPL3,1.75372
CYT1,1.82257
YNG1,1.82257
MSA1,1.31641
VPS5,0.053772
ALG8,0.0507813
VAM10,-0.0300903
GYP1,0.325012
NRT1,0.356079
SGO1,0.367798
UFE1,0.127808
CDC21,0.127808
RTS2,0.0521851
SKI7,0.717773
BUD21,0.717773
DIA2,0.186829
ATX2,0.186829
WHI5,0.171997
LPX1,0.673706
TGL5,0.673706
OST3,0.264771
YVC1,0.493896
TCB1,0.493896
VPS21,0.283325
TMA46,0.238525
PTC5,0.238525
ECM3,1.00641
ARF3,-0.00561523
RKI1,0.744202
RPS7A,0.526123
KTR1,0.889771
NUP1,0.889771
RAS1,0.771118
CRC1,0.771118
PIN2,0.314514
OST2,0.314514
VAM3,0.158997
RGS2,1.94012
LEU9,1.85742
INP53,0.35907
TFC7,0.0380859
CEX1,0.116882
AZF1,0.0750122
TRS33,0.0545044
RPT5,0.236572
RPO31,0.236572
RTC5,-0.00488281
GCY1,0.167786
RIO1,0.167786
PFY1,0.344116
LEO1,0.125305
UBP2,0.109619
CAT5,0.188416
RGA1,0.185181
IAH1,0.185181
ADE2,0.260376
AFI1,0.130188
ORT1,0.416809
VPS17,0.365417
YOR131C,0.226074
EFT1,0.640503
BAG7,0.387817
IDH2,2.0
SIA1,0.382874
SFL1,0.346985
RUP1,0.346985
LSC1,0.219727
ARP8,0.219727
THI80,0.121521
ELG1,0.261719
MDM32,0.788391
PNO1,0.788391
SPP2,0.235596
MRPL23,0.0496826
SMP3,0.0861206
RPB2,0.322998
PDR5,4.06549
ISN1,0.0452881
NFI1,0.133606
PET123,0.745422
PUP1,0.745422
MTR10,0.0914917
SME1,0.0914917
PNS1,0.594116
DDP1,0.308411
YRR1,0.308411
SEY1,0.1203
GET4,0.1203
GLN4,0.592285
SWT1,0.592285
RPS28A,0.592285
YRM1,0.216675
LCB4,0.216675
DCS2,0.059082
MED4,-0.050601
HEM15,0.281006
ALE1,0.281006
MPC54,0.000915527
GAC1,2.00818
SYC1,0.133118
LAS17,0.184998
DCI1,0.184998
SER1,1.34741
RPS30B,1.34741
GSP2,0.248718
TUF1,0.419495
MSB1,0.220215
IES4,0.164673
SPR1,0.0390015
ULS1,0.090271
THI72,-0.0100708
PEX27,0.836426
SLK19,0.184888
TOA1,0.184888
MCA1,0.12323
LIP5,0.0678101
BFR1,0.518188
HIS3,0.530884
MRM1,0.534729
DED1,0.706604
NOC2,0.105774
GEP3,0.067688
PTP2,0.50769
RET1,0.50769
RPB10,0.25293
NPT1,0.25293
MGM1,2.07489
STE4,2.07489
SAS5,0.106018
AIM41,0.218384
RFC1,0.0227051
RUD3,0.0134277
RCN2,0.0336914
STE13,0.0336914
ODC2,0.569275
MCT1,0.569275
DSC3,0.7276
RPB8,1.46696
HER1,1.46808
ISU2,1.46808
WTM2,0.541626
MCP1,0.541626
WTM1,2.63977
MKK1,0.146729
MGE1,0.294617
KIN4,0.176514
DFR1,1.63452
RPL33B,1.63452
HES1,0.43927
ABP140,0.321486
MET7,-0.00512695
SSP2,0.151686
ESA1,0.127808
PUS7,0.115417
DGA1,0.207703
SRL1,3.28162
ENV9,3.28162
APC5,-0.0447998
CLP1,0.16333
TMA16,0.133789
NAT5,0.133789
TUM1,0.133789
OSW1,0.232117
SEC63,0.211182
CDC31,0.0541992
HNT3,0.257385
TRE2,0.257385
GCD1,0.426819
RPT4,0.426819
GPN2,0.311707
RPN8,0.311707
DSE3,1.20343
RBL2,0.0599976
PNT1,0.0935059
HRK1,1.34198
PAC1,1.34198
VPH1,0.57489
[],1.1402
TPO4,1.45782
MOD5,1.45782
CAF20,0.294312
RIM20,0.526978
HEM4,1.03778
RFM1,0.225891
FSH3,0.131287
YOR283W,0.275024
PLP2,0.275024
HUA2,0.12262
RDL1,0.211182
RDL2,0.211182
RRP36,0.200198
MPD1,0.31189
YPK9,0.240417
SNF2,0.206421
RPS10A,0.45929
RRS1,0.404724
UAF30,0.231506
MUM3,0.125671
TIM18,0.104614
BUD7,2.79077
MBF1,2.79077
RAX1,0.580505
YOR302W,2.00568
CPA1,2.00568
ISW2,0.335693
RRG7,0.0880127
MCH5,1.33411
SLY41,0.129883
SNU66,0.241516
NOP58,0.373718
DGK1,0.524475
RPL20B,0.415527
SPS4,1.32703
SFG1,3.60181
COT1,1.16045
FAA1,2.21527
HSH49,1.8316
PMT3,0.14679
GNT1,0.14679
LDB19,0.171326
PRO2,0.185425
MYO2,0.892517
FRT1,0.892517
PDR10,0.875
SNC2,0.875
SCD5,0.177002
VMA4,0.426025
MIP1,0.426025
MRS2,0.398202
KRE5,0.682312
ALA1,0.682312
TEA1,1.2403
UBC11,0.0794067
RPA190,0.627199
RPA43,0.627199
YOR342C,2.70227
TYE7,3.94122
REV1,0.460693
PYK2,0.788208
CIN1,3.2594
PUT4,3.2594
MNE1,0.162781
TFB6,0.125916
MEK1,0.125916
SOG2,0.394897
MSC6,1.12061
GDS1,1.24017
CIR2,0.874817
HAP5,0.21283
SNX3,0.21283
VTS1,0.526978
PDE2,0.494629
PRT1,0.327881
PRE10,0.236206
PIP2,0.262817
SCP1,-0.0568848
RAD17,-0.0200806
RPS12,1.12238
MRS6,0.606384
GPB1,0.0437012
NUD1,0.378906
NDD1,0.378906
ALD4,0.413391
GDH1,1.46002
ATF1,0.0963135
RDR1,0.0366821
FRE3,0.131897
FIT2,0.318726
FRE5,0.0924072
FIT3,0.0924072
PHR1,-0.0524902
FDH1,0.467595
SAM3,1.59882
SAM4,0.69458
ATP15,0.106873
MDL2,0.16748
KAR9,0.0736084
PLC1,0.120178
ACM1,0.342529
DIM1,0.231628
DIP5,2.5329
FUM1,0.325195
KEL3,0.325195
CUB1,0.0969238
APM1,0.211487
THI21,0.288086
BBP1,3.8042
CLN2,3.8042
HFI1,0.247925
VIK1,0.630676
YAH1,1.75281
ATG41,3.69281
RPL36B,0.802673
GYP5,-0.0393066
GAL4,-0.022522
RBD2,0.424377
SRP68,0.212708
HUT1,0.212708
IQG1,0.596619
CIN2,0.152283
YAR1,2.01599
HSP82,2.01599
SUI3,0.46991
RVB2,0.177307
ENV7,0.208008
NSL1,0.438904
VMA11,0.438904
SSO1,0.391602
FAS2,1.36182
USV1,0.728394
CET1,0.0999146
NEW1,0.694092
ALG5,0.694092
YPL225W,0.214478
MMT2,0.159912
GRE1,0.159302
FLC1,2.01477
RPL1A,0.784729
PCL8,0.780518
SAR1,0.449524
BMS1,0.341496
CBP3,0.228394
LEA1,0.467529
THI6,0.467529
NIP7,0.399597
PUS1,0.399597
SRP72,0.166687
RKM1,0.02771
IPL1,-0.0269165
TYW1,0.330383
HRR25,0.370789
PGC1,0.370789
TPK2,0.288818
AFT2,0.544617
CSM4,0.100403
YIG1,0.100403
RPL7B,0.9245
OXR1,0.273926
APL5,0.0919189
DDC1,0.0822754
RSA1,-0.050415
PRM3,0.119812
NAB3,1.66876
GUP2,1.9245
COA2,1.9245
POS5,0.189575
MF(ALPHA)1,-0.041687
UIP4,-0.0357056
MRN1,0.243896
RTC6,0.162903
CTI6,0.343201
RTT10,0.343201
TCO89,0.149597
PPQ1,0.278687
CBC2,0.863896
CUP9,3.71283
SPT14,0.0880127
TRE1,0.0872803
MRPL40,0.0230103
NIP100,-0.00891113
COX10,0.361389
DAP1,1.46667
OYE3,1.46667
MEX67,0.2724
ATG29,0.0206909
REV3,0.000427246
SET6,0.173584
MLH3,0.0889282
SVS1,1.41632
CDC60,0.332825
BEM4,0.332825
PET20,0.278693
TGS1,0.63739
AIM44,0.63739
PRM4,0.796692
KIP2,0.370605
PEP4,0.208618
RRD2,0.14563
RAD53,0.14563
PRP46,0.440979
ATG5,0.211426
PXA1,0.137207
PPT2,0.137207
NOP53,0.214417
POC4,0.963501
KES1,0.963501
RPL33A,1.40698
FRK1,1.25568
MKK2,0.0391846
UME1,0.0999146
SPP1,0.0640869
ISU1,3.14648
GIP3,3.14648
ODC1,0.0224
COX11,0.339172
RDS2,0.339172
RPL5,1.13013
SPO19,0.58728
TAF14,0.221802
TBF1,0.584778
NAN1,0.382324
HHO1,0.382324
KAP120,0.0540771
SPC29,0.0612183
RNY1,0.0473022
TFB2,0.129517
VPS30,0.129517
MEI5,-0.0335083
MRP51,-0.0147095
DBP1,-0.0147095
HOS3,2.0058
IDI1,2.0058
BEM3,0.209229
YPL113C,-0.0507202
PEX25,2.2229
CAR1,2.22479
GDE1,0.199219
SSE1,2.28931
MSD1,0.297607
SYH1,0.297607
ELP4,0.0681763
FMP30,0.0681763
ATG21,-0.00128174
MSY1,0.234192
INA17,0.234192
MGR2,0.233704
PNG1,0.139282
ERI1,0.139282
EEB1,0.310181
NOG1,0.451477
SEC62,0.451477
SSU1,0.601318
GLR1,0.405273
RPS6A,0.441223
RLM1,0.79187
YDC1,0.212097
SEC16,0.158203
ELP3,0.120789
BRO1,0.288086
SEN54,0.0147853
RPS9A,1.37268
MOT1,1.37268
RPL21B,0.977173
ATP4,0.292419
GPI2,0.156128
GCR1,1.151
YTA6,-0.03302
UBP16,0.263794
MUK1,0.233826
BTS1,0.112427
RGL1,2.07483
VPS28,0.087337
TIM50,0.0587158
CWC27,0.0487061
ALD6,3.94623
MFM1,0.378601
GRX5,0.204895
PDR12,1.45471
SUR1,2.41522
LEE1,0.493713
LGE1,0.493713
OAZ1,0.0914917
KTR6,0.160583
ARL3,0.248474
MNN9,0.252808
CAM1,1.01318
DIG1,1.01318
SGF11,0.295105
VPS16,0.143372
ELC1,-0.0177002
NOP4,0.208618
SSN3,0.0858154
ISM1,0.144775
MET31,0.165894
PMA2,0.542786
EGD1,0.542786
SRL4,-0.00201416
SVL3,1.71069
TRM44,0.25647
PHO85,0.25647
SUV3,0.0253296
ERG10,1.01678
SMA1,0.377686
SKS1,3.35303
RMI1,3.35303
RAD1,0.286621
MET12,0.286621
ECM23,-0.0283813
ULP1,0.229187
CTF19,0.992188
VTC3,0.992188
SWI1,1.53192
IRC15,1.53192
HST2,0.624573
RRP12,0.245178
MRPS16,0.245178
RET3,0.128906
TAF3,0.294006
CHL1,0.272522
RQC2,0.272522
NCR1,-0.00219727
TFC8,-0.00219727
AEP3,0.0354004
ULA1,0.380371
LSP1,0.380371
HAT1,0.230713
SNF8,0.230713
CIT3,-0.012207
PDH1,0.208984
AIM45,0.322388
HAL1,0.56189
ICL2,-0.0128784
REC8,0.329529
HAA1,0.405884
SUT2,2.46667
RPA135,0.510498
TIF6,0.350586
RLF2,0.174501
DSS4,0.0958862
MCM4,0.193726
ATP20,0.101807
AGC1,0.0341187
YME1,0.3797
EAF3,0.3797
ATH1,0.18811
CCL1,0.18811
YOP1,0.458679
CSR2,0.368293
APL4,0.368293
NTO1,0.246582
SRO7,0.161011
ARP7,0.349304
HTS1,0.349304
GLN1,3.43469
VMA13,0.661987
SPO24,4.26477
TIP41,0.617688
ERV2,0.329773
TIF5,0.509705
RPL43A,1.06659
PUF2,1.06659
MCM16,0.274475
MSF1,0.16333
THP3,0.161194
TAH18,0.172424
MAK3,0.0393066
ATG11,0.0432739
SMK1,0.261475
NHP6A,0.261475
SEC8,0.0358887
TFB4,-0.0421143
BRR1,0.112671
YMC1,0.140015
ARO7,0.388916
FCY1,0.328979
JID1,0.328979
ROX1,4.5387
UBA3,0.297119
ISA2,0.269714
HOS1,0.294128
MED1,0.400818
SPE3,0.400818
NOT5,0.215088
LTP1,0.349976
TKL1,1.63831
OPY2,0.525085
MRL1,0.212891
TEF1,2.32928
MDM36,0.050415
GRS2,0.050415
DIB1,0.050415
SUA7,0.101074
ASA1,0.101074
SRP54,0.286377
NVJ2,1.45398
RDS3,0.733093
ASR1,0.0765991
YPR097W,0.213806
SYT1,0.213806
YPR096C,0.144712
MRPL51,0.270203
SNT309,0.236694
TMH18,0.236694
PRE2,1.08398
RPL11A,1.08398
FHL1,0.210205
ISR1,0.351013
COG4,0.351013
RPN7,0.165894
YTH1,0.165894
DBF20,0.310486
RPC40,0.310486
PIS1,0.401978
MRD1,0.401978
RGC1,0.200989
RRG8,0.152222
MRI1,0.26239
CLB2,2.6283
CLB5,0.638977
THI22,0.164307
AXL1,0.369507
CTR1,1.67981
YLH47,0.352417
YPR127W,0.647583
SCD6,0.123779
ANT1,0.165588
RPS23B,0.529297
NAT3,0.529297
TOM5,0.189697
MSS18,0.348572
SPN1,0.348572
CTF4,-0.000488281
RRP9,0.218201
MEP3,2.24738
TAZ1,0.379272
LOA1,0.379272
RRP15,0.113586
KAR3,0.113586
ASN1,2.91022
NOC4,2.91022
YPR148C,1.91309
NCE102,2.20319
SUE1,1.0722
MAY24,0.164001
PIN3,0.291626
URN1,0.291626
NCA2,0.0554199
TPO3,1.08008
CUR1,1.88458
KRE6,1.4671
GPH1,0.202087
SGV1,0.317017
ORC4,0.368225
MMS1,0.295898
TIF3,0.295898
RHO1,0.36438
MRP2,0.20282
NUT2,0.453193
JIP5,0.453193
MET16,0.453193
BSP1,0.193115
VPS4,0.299805
DPB2,0.299805
YPR174C,0.299805
PRP4,0.0701294
BET2,0.0675049
AOS1,0.167725
HDA3,0.167725
SMX3,0.402283
DPM1,0.544495
SEC23,0.544495
GDB1,0.683899
ATG13,0.37793
RPO26,0.13623
PZF1,0.146423
SKI3,0.146423
MLC2,0.0957031
QCR2,0.560486
RPC82,0.560486
AQY1,0.852112
HPA2,0.0457153
OPT2,3.28943
SGE1,0.223694
ARR3,0.163818
ARR1,0.163818
ARR2,0.141907
