,Start,End,Chromosome,Strand,Name,motif_middle,start_sig,stop_sig
0,141585,141592,1,+,EFB1,141588,141488,141688
1,141636,141643,1,+,EFB1,141640,141540,141740
2,119843,119850,1,+,PSK1,119846,119746,119946
3,33135,33142,1,+,BDH2,33138,33038,33238
4,169021,169028,1,+,ADE1,169024,168924,169124
5,189907,189914,1,+,YAT1,189910,189810,190010
6,141585,141592,1,-,SSA1,141588,141488,141688
7,141636,141643,1,-,SSA1,141640,141540,141740
8,68231,68238,1,-,CLN3,68234,68134,68334
9,9461,9468,1,-,SEO1,9464,9364,9564
10,169021,169028,1,-,BUD14,169024,168924,169124
11,193737,193744,2,+,ACH1,193740,193640,193840
12,193992,193999,2,+,ACH1,193996,193896,194096
13,169899,169906,2,+,LSM2,169902,169802,170002
14,135984,135991,2,+,ECM13,135988,135888,136088
15,36621,36628,2,+,ATP1,36624,36524,36724
16,255861,255868,2,+,HHT1,255864,255764,255964
17,381375,381382,2,+,HSP26,381378,381278,381478
18,381702,381709,2,+,HSP26,381706,381606,381806
19,533404,533411,2,+,ADH5,533408,533308,533508
20,539885,539892,2,+,ARA1,539888,539788,539988
21,595752,595759,2,+,YPC1,595756,595656,595856
22,647370,647377,2,+,NGR1,647374,647274,647474
23,651213,651220,2,+,SDS24,651216,651116,651316
24,736086,736093,2,+,SHM1,736090,735990,736190
25,774568,774575,2,+,APE3,774572,774472,774672
26,490625,490632,2,+,MEO1,490628,490528,490728
27,490625,490632,2,+,YBR126W-B,490628,490528,490728
28,192033,192040,2,-,PEP1,192036,191936,192136
29,135984,135991,2,-,COR1,135988,135888,136088
30,62746,62753,2,-,YBL086C,62750,62650,62850
31,255861,255868,2,-,HHF1,255864,255764,255964
32,275875,275882,2,-,GAL7,275878,275778,275978
33,338406,338413,2,-,REG2,338410,338310,338510
34,339499,339506,2,-,RFS1,339502,339402,339602
35,490625,490632,2,-,TPS1,490628,490528,490728
36,647370,647377,2,-,AME1,647374,647274,647474
37,736086,736093,2,-,MIC12,736090,735990,736190
38,165220,165227,2,-,YBL029C-A,165224,165124,165324
39,595752,595759,2,-,YBR182C-A,595756,595656,595856
40,91004,91011,3,+,LEU2,91008,90908,91108
41,61352,61359,3,+,LSB5,61356,61256,61456
42,52617,52624,3,+,GID7,52620,52520,52720
43,35480,35487,3,+,LRE1,35484,35384,35584
44,27497,27504,3,+,KAR4,27500,27400,27600
45,211851,211858,3,+,ARE1,211854,211754,211954
46,280037,280044,3,+,CDC39,280040,279940,280140
47,155109,155114,3,+,HTL1,155112,155012,155212
48,103936,103943,3,-,GBP2,103940,103840,104040
49,68712,68719,3,-,HIS4,68716,68616,68816
50,61352,61359,3,-,GRX1,61356,61256,61456
51,35480,35487,3,-,PBN1,35484,35384,35584
52,27497,27504,3,-,PEX34,27500,27400,27600
53,133509,133516,3,-,ADY2,133512,133412,133612
54,155107,155110,3,-,PET18,155108,155008,155208
55,166108,166115,3,-,YCR025C,166112,166012,166212
56,177140,177147,3,-,SYP1,177144,177044,177244
57,211851,211858,3,-,BUD23,211854,211754,211954
58,223836,223843,3,-,PWP2,223840,223740,223940
59,280037,280044,3,-,MSH3,280040,279940,280140
60,155110,155114,3,-,MAK31,155112,155012,155212
61,369298,369305,4,+,SIT4,369302,369202,369402
62,363643,363650,4,+,LHP1,363646,363546,363746
63,258691,258698,4,+,TRM3,258694,258594,258794
64,126590,126597,4,+,VMA1,126594,126494,126694
65,117145,117152,4,+,RPL35A,117148,117048,117248
66,106951,106958,4,+,SEC31,106954,106854,107054
67,539782,539789,4,+,RSM10,539786,539686,539886
68,636396,636403,4,+,GIS1,636400,636300,636500
69,676046,676053,4,+,FOB1,676050,675950,676150
70,769345,769352,4,+,RPA14,769348,769248,769448
71,806408,806415,4,+,HSP42,806412,806312,806512
72,806420,806427,4,+,HSP42,806424,806324,806524
73,806438,806445,4,+,HSP42,806442,806342,806542
74,914869,914876,4,+,HTA1,914872,914772,914972
75,930545,930552,4,+,LYS4,930548,930448,930648
76,955352,955359,4,+,VHS1,955356,955256,955456
77,1037131,1037138,4,+,NSE3,1037134,1037034,1037234
78,1189928,1189935,4,+,GGA1,1189932,1189832,1190032
79,1236301,1236308,4,+,YRA1,1236304,1236204,1236404
80,1269931,1269938,4,+,HPT1,1269934,1269834,1270034
81,1334661,1334668,4,+,PPZ2,1334664,1334564,1334764
82,1417003,1417010,4,+,DIG2,1417006,1416906,1417106
83,1470894,1470901,4,+,GRX2,1470898,1470798,1470998
84,1476643,1476650,4,+,GRH1,1476646,1476546,1476746
85,1476825,1476832,4,+,GRH1,1476828,1476728,1476928
86,1477156,1477163,4,+,GRH1,1477160,1477060,1477260
87,421833,421840,4,-,OSH2,421836,421736,421936
88,410277,410284,4,-,DIA3,410280,410180,410380
89,407640,407647,4,-,RTK1,407644,407544,407744
90,381710,381717,4,-,NAT1,381714,381614,381814
91,363643,363650,4,-,SLC1,363646,363546,363746
92,314976,314983,4,-,MRK1,314980,314880,315080
93,315013,315020,4,-,MRK1,315016,314916,315116
94,258691,258698,4,-,ATG20,258694,258594,258794
95,126590,126597,4,-,YDL187C,126594,126494,126694
96,106951,106958,4,-,ASF2,106954,106854,107054
97,76980,76987,4,-,PRR2,76984,76884,77084
98,77017,77024,4,-,PRR2,77020,76920,77120
99,458356,458363,4,-,MAF1,458360,458260,458460
100,483979,483984,4,-,YDR018C,483982,483882,484082
101,556814,556821,4,-,TPI1,556818,556718,556918
102,676046,676053,4,-,YDR109C,676050,675950,676150
103,769345,769352,4,-,YDR154C,769348,769248,769448
104,769345,769352,4,-,CPR1,769348,769248,769448
105,914869,914876,4,-,HTB1,914872,914772,914972
106,930545,930552,4,-,RTN1,930548,930448,930648
107,945661,945668,4,-,SNU56,945664,945564,945764
108,976303,976310,4,-,YAP6,976306,976206,976406
109,1016016,1016023,4,-,MTH1,1016020,1015920,1016120
110,1189928,1189935,4,-,CNL1,1189932,1189832,1190032
111,1334661,1334668,4,-,PPM1,1334664,1334564,1334764
112,1365925,1365932,4,-,TSA2,1365928,1365828,1366028
113,1417003,1417010,4,-,PEX29,1417006,1416906,1417106
114,1454543,1454550,4,-,SAM2,1454546,1454446,1454646
115,1470894,1470901,4,-,EMI1,1470898,1470798,1470998
116,1476643,1476650,4,-,EMI2,1476646,1476546,1476746
117,1476825,1476832,4,-,EMI2,1476828,1476728,1476928
118,1477156,1477163,4,-,EMI2,1477160,1477060,1477260
119,1502376,1502383,4,-,HSP31,1502380,1502280,1502480
120,141459,141466,5,+,MIT1,141462,141362,141562
121,132836,132843,5,+,GLC3,132840,132740,132940
122,80163,80170,5,+,UTR4,80166,80066,80266
123,80308,80315,5,+,UTR4,80312,80212,80412
124,46517,46524,5,+,HAT2,46520,46420,46620
125,42688,42695,5,+,PCM1,42692,42592,42792
126,13288,13295,5,+,RMD6,13292,13192,13392
127,172073,172078,5,+,NTF2,172076,171976,172176
128,194590,194592,5,+,GPA2,194591,194491,194691
129,195033,195040,5,+,GPA2,195036,194936,195136
130,196910,196916,5,+,RPN3,196913,196813,197013
131,222337,222344,5,+,EDC2,222340,222240,222440
132,222443,222450,5,+,EDC2,222446,222346,222546
133,225603,225610,5,+,PHM8,225606,225506,225706
134,272260,272267,5,+,PCL6,272264,272164,272364
135,291786,291793,5,+,RGI1,291790,291690,291890
136,291831,291838,5,+,RGI1,291834,291734,291934
137,291847,291854,5,+,RGI1,291850,291750,291950
138,318678,318685,5,+,YER079W,318682,318582,318782
139,349501,349508,5,+,RAD51,349504,349404,349604
140,422972,422979,5,+,RPS26B,422976,422876,423076
141,432243,432250,5,+,GLC7,432246,432146,432346
142,545185,545192,5,+,BMH1,545188,545088,545288
143,545393,545400,5,+,BMH1,545396,545296,545496
144,546640,546647,5,+,PDA1,546644,546544,546744
145,548598,548605,5,+,DMC1,548602,548502,548702
146,552422,552429,5,+,FMP10,552426,552326,552526
147,567887,567894,5,+,YER188W,567890,567790,567990
148,80163,80170,5,-,CYC7,80166,80066,80266
149,80308,80315,5,-,CYC7,80312,80212,80412
150,46517,46524,5,-,SDD1,46520,46420,46620
151,42061,42068,5,-,PRB1,42064,41964,42164
152,172073,172079,5,-,SEC3,172076,171976,172176
153,225603,225610,5,-,ARB1,225606,225506,225706
154,259930,259937,5,-,PIC2,259934,259834,260034
155,318678,318685,5,-,ICP55,318682,318582,318782
156,327388,327395,5,-,GET2,327392,327292,327492
157,335764,335771,5,-,DOT6,335768,335668,335868
158,349501,349508,5,-,PUP3,349504,349404,349604
159,362035,362042,5,-,AST2,362038,361938,362138
160,422972,422979,5,-,COM2,422976,422876,423076
161,552422,552429,5,-,YER181C,552426,552326,552526
162,42688,42695,5,-,SOM1,42692,42592,42792
163,194591,194592,5,-,SBH2,194592,194492,194692
164,195033,195040,5,-,SBH2,195036,194936,195136
165,261235,261242,5,-,YER053C-A,261238,261138,261338
166,47860,47867,6,+,YFL041W-A,47864,47764,47964
167,47860,47867,6,-,LAM5,47864,47764,47964
168,22857,22864,6,-,AQY3,22860,22760,22960
169,176718,176725,6,-,GSY1,176722,176622,176822
170,176852,176859,6,-,GSY1,176856,176756,176956
171,183094,183101,6,-,IGD1,183098,182998,183198
172,220315,220322,6,-,SMC2,220318,220218,220418
173,255522,255529,6,-,HXK1,255526,255426,255626
174,255543,255550,6,-,HXK1,255546,255446,255646
175,255636,255643,6,-,HXK1,255640,255540,255740
176,222064,222071,6,-,RPL2A,222068,221968,222168
177,255522,255529,6,-,YFR052C-A,255526,255426,255626
178,255543,255550,6,-,YFR052C-A,255546,255446,255646
179,255636,255643,6,-,YFR052C-A,255640,255540,255740
180,428175,428182,7,+,YGL036W,428178,428078,428278
181,428233,428240,7,+,YGL036W,428236,428136,428336
182,428250,428257,7,+,YGL036W,428254,428154,428354
183,324594,324601,7,+,TOS8,324598,324498,324698
184,310269,310276,7,+,RPL28,310272,310172,310372
185,107721,107728,7,+,POX1,107724,107624,107824
186,95378,95385,7,+,MIG2,95382,95282,95482
187,92170,92177,7,+,NCS6,92174,92074,92274
188,7559,7566,7,+,YPS5,7562,7462,7662
189,592973,592980,7,+,FMP48,592976,592876,593076
190,607457,607464,7,+,SPR3,607460,607360,607560
191,741774,741781,7,+,YGR125W,741778,741678,741878
192,754073,754080,7,+,FHN1,754076,753976,754176
193,832315,832322,7,+,CLC1,832318,832218,832418
194,879922,879929,7,+,HIP1,879926,879826,880026
195,984810,984816,7,+,CPD1,984813,984713,984913
196,986905,986912,7,+,MGA1,986908,986808,987008
197,987173,987180,7,+,MGA1,987176,987076,987276
198,987336,987343,7,+,MGA1,987340,987240,987440
199,987347,987354,7,+,MGA1,987350,987250,987450
200,1000524,1000531,7,+,ENO1,1000528,1000428,1000628
201,1052083,1052090,7,+,YOR1,1052086,1051986,1052186
202,7559,7566,7,+,YGL258W-A,7562,7462,7662
203,428175,428182,7,-,PNC1,428178,428078,428278
204,428233,428240,7,-,PNC1,428236,428136,428336
205,428250,428257,7,-,PNC1,428254,428154,428354
206,310269,310276,7,-,VPS73,310272,310172,310372
207,107721,107728,7,-,CHC1,107724,107624,107824
208,525747,525754,7,-,YGR018C,525750,525650,525850
209,592973,592980,7,-,YGR050C,592976,592876,593076
210,651056,651063,7,-,PIL1,651060,650960,651160
211,754073,754080,7,-,YGR130C,754076,753976,754176
212,856943,856950,7,-,RNR4,856946,856846,857046
213,884156,884163,7,-,TDH3,884160,884060,884260
214,903281,903288,7,-,YGR201C,903284,903184,903384
215,984810,984817,7,-,BRF1,984814,984714,984914
216,1026820,1026827,7,-,HUA1,1026824,1026724,1026924
217,1050676,1050683,7,-,SCW4,1050680,1050580,1050780
218,1052083,1052090,7,-,PXR1,1052086,1051986,1052186
219,102140,102147,8,+,HSE1,102144,102044,102244
220,56081,56088,8,+,RIM4,56084,55984,56184
221,48661,48668,8,+,WSC4,48664,48564,48764
222,26123,26130,8,+,MUP3,26126,26026,26226
223,138557,138564,8,+,YSC83,138560,138460,138660
224,190025,190032,8,+,NCP1,190028,189928,190128
225,280516,280523,8,+,RTC3,280520,280420,280620
226,280618,280625,8,+,RTC3,280622,280522,280722
227,325224,325231,8,+,TRR2,325228,325128,325328
228,382905,382912,8,+,CHS7,382908,382808,383008
229,423704,423711,8,+,SOL3,423708,423608,423808
230,484757,484764,8,+,ERG9,484760,484660,484860
231,519360,519367,8,+,CRG1,519364,519264,519464
232,102140,102147,8,-,LAG1,102144,102044,102244
233,65937,65944,8,-,AIM17,65940,65840,66040
234,48661,48668,8,-,OCA5,48664,48564,48764
235,34271,34278,8,-,SBP1,34274,34174,34374
236,32936,32943,8,-,VMR1,32940,32840,33040
237,138557,138564,8,-,YSC84,138560,138460,138660
238,190025,190032,8,-,SRB2,190028,189928,190128
239,193725,193732,8,-,DOG2,193728,193628,193828
240,289325,289332,8,-,HXT4,289328,289228,289428
241,377815,377822,8,-,YHR138C,377818,377718,377918
242,382905,382912,8,-,RPL42B,382908,382808,383008
243,123726,123733,8,-,YHR007C-A,123730,123630,123830
244,348800,348807,9,+,CFD1,348804,348704,348904
245,333062,333069,9,+,TIR3,333066,332966,333166
246,321111,321118,9,+,SNL1,321114,321014,321214
247,285375,285382,9,+,CST6,285378,285278,285478
248,270814,270821,9,+,PIG2,270818,270718,270918
249,270826,270833,9,+,PIG2,270830,270730,270930
250,241883,241890,9,+,EFM4,241886,241786,241986
251,155042,155049,9,+,COX5B,155046,154946,155146
252,134769,134776,9,+,QDR1,134772,134672,134872
253,126100,126107,9,+,AYR1,126104,126004,126204
254,126108,126115,9,+,AYR1,126112,126012,126212
255,380772,380779,9,+,VLD1,380776,380676,380876
256,384346,384353,9,+,YAP5,384350,384250,384450
257,409466,409473,9,+,DAL4,409470,409370,409570
258,416060,416067,9,+,MGA2,416064,415964,416164
259,348800,348807,9,-,BET1,348804,348704,348904
260,257635,257642,9,-,RPL34B,257638,257538,257738
261,241883,241890,9,-,FIS1,241886,241786,241986
262,200262,200269,9,-,AIM19,200266,200166,200366
263,76591,76598,9,-,ATG32,76594,76494,76694
264,384346,384353,9,-,MET28,384350,384250,384450
265,416060,416067,9,-,DAL3,416064,415964,416164
266,321111,321118,9,-,VID28,321114,321014,321214
267,424945,424952,10,+,CYR1,424948,424848,425048
268,378640,378647,10,+,SNX4,378644,378544,378744
269,338041,338048,10,+,TDH1,338044,337944,338144
270,150591,150598,10,+,RPB4,150594,150494,150694
271,150634,150641,10,+,RPB4,150638,150538,150738
272,137149,137156,10,+,DAS1,137152,137052,137252
273,119950,119957,10,+,HSP150,119954,119854,120054
274,79443,79450,10,+,MNN5,79446,79346,79546
275,452220,452227,10,+,MHO1,452224,452124,452324
276,545591,545598,10,+,PTK2,545594,545494,545694
277,598458,598465,10,+,BUD4,598462,598362,598562
278,609589,609596,10,+,SFC1,609592,609492,609692
279,620608,620615,10,+,URA8,620612,620512,620712
280,639484,639491,10,+,YJR115W,639488,639388,639588
281,651630,651637,10,+,RPS5,651634,651534,651734
282,703278,703285,10,+,YJR146W,703282,703182,703382
283,422221,422228,10,-,CCT8,422224,422124,422324
284,374272,374279,10,-,NUP192,374276,374176,374376
285,348926,348933,10,-,UBX6,348930,348830,349030
286,211893,211900,10,-,GZF3,211896,211796,211996
287,150591,150598,10,-,YAK1,150594,150494,150694
288,150634,150641,10,-,YAK1,150638,150538,150738
289,137149,137156,10,-,SNA3,137152,137052,137252
290,134137,134144,10,-,VPS35,134140,134040,134240
291,111441,111448,10,-,TPK1,111444,111344,111544
292,79443,79450,10,-,SWE1,79446,79346,79546
293,504099,504106,10,-,HUL4,504102,504002,504202
294,545591,545598,10,-,APS2,545594,545494,545694
295,573027,573034,10,-,OPI3,573030,572930,573130
296,585519,585526,10,-,TMH11,585522,585422,585622
297,598458,598465,10,-,JSN1,598462,598362,598562
298,639484,639491,10,-,RSM7,639488,639388,639588
299,703278,703285,10,-,RPS4A,703282,703182,703382
300,50496,50503,10,-,NCE101,50500,50400,50600
301,418146,418153,11,+,PRP40,418150,418050,418250
302,369356,369363,11,+,UGP1,369360,369260,369460
303,369407,369414,11,+,UGP1,369410,369310,369510
304,369445,369452,11,+,UGP1,369448,369348,369548
305,369629,369636,11,+,UGP1,369632,369532,369732
306,355818,355825,11,+,MMO1,355822,355722,355922
307,317219,317226,11,+,MNR2,317222,317122,317322
308,278847,278854,11,+,MDH1,278850,278750,278950
309,272845,272852,11,+,MIF2,272848,272748,272948
310,231489,231496,11,+,HAP4,231492,231392,231592
311,220178,220185,11,+,SBA1,220182,220082,220282
312,166274,166281,11,+,MCR1,166278,166178,166378
313,143362,143369,11,+,PIR3,143366,143266,143466
314,83904,83905,11,+,HYM1,83904,83804,84004
315,80657,80664,11,+,DPH2,80660,80560,80760
316,24541,24548,11,+,URA1,24544,24444,24644
317,21947,21954,11,+,JEN1,21950,21850,22050
318,514597,514604,11,+,GAP1,514600,514500,514700
319,418146,418153,11,-,ARC19,418150,418050,418250
320,322353,322360,11,-,YKL063C,322356,322256,322456
321,317219,317226,11,-,YET1,317222,317122,317322
322,271089,271096,11,-,YKL091C,271092,270992,271192
323,247821,247828,11,-,APE1,247824,247724,247924
324,200538,200545,11,-,MYO3,200542,200442,200642
325,166274,166281,11,-,NNR2,166278,166178,166378
326,143362,143369,11,-,PIR1,143366,143266,143466
327,92045,92052,11,-,FAT3,92048,91948,92148
328,80657,80664,11,-,ACP1,80660,80560,80760
329,466257,466264,11,-,YPT52,466260,466160,466360
330,475999,476006,11,-,YKR018C,476002,475902,476102
331,527310,527317,11,-,FMP46,527314,527214,527414
332,88450,88457,12,+,HSP104,88454,88354,88554
333,65453,65460,12,+,YLL037W,65456,65356,65556
334,40522,40529,12,+,LDB18,40526,40426,40626
335,29781,29788,12,+,YCT1,29784,29684,29884
336,164172,164179,12,+,NSE1,164176,164076,164276
337,194053,194060,12,+,SNF7,194056,193956,194156
338,247148,247155,12,+,IES3,247152,247052,247252
339,289770,289777,12,+,GAL2,289774,289674,289874
340,289834,289841,12,+,GAL2,289838,289738,289938
341,320321,320328,12,+,XDJ1,320324,320224,320424
342,368564,368571,12,+,AHP1,368568,368468,368668
343,368615,368622,12,+,AHP1,368618,368518,368718
344,410351,410358,12,+,PDC5,410354,410254,410454
345,439977,439984,12,+,STM1,439980,439880,440080
346,510915,510922,12,+,YLR177W,510918,510818,511018
347,534668,534675,12,+,MMR1,534672,534572,534772
348,554171,554178,12,+,ENT2,554174,554074,554274
349,576553,576560,12,+,CCC1,576556,576456,576656
350,614446,614453,12,+,FAR10,614450,614350,614550
351,636308,636315,12,+,YEF3,636312,636212,636412
352,660337,660344,12,+,GSY2,660340,660240,660440
353,660518,660525,12,+,GSY2,660522,660422,660622
354,725763,725770,12,+,ECM38,725766,725666,725866
355,820355,820362,12,+,YLR345W,820358,820258,820458
356,1043450,1043457,12,+,FMP27,1043454,1043354,1043554
357,65453,65460,12,-,UBI4,65456,65356,65556
358,40522,40529,12,-,COF1,40526,40426,40626
359,29781,29788,12,-,YLL056C,29784,29684,29884
360,16300,16307,12,-,AYT1,16304,16204,16404
361,164172,164179,12,-,SSK1,164176,164076,164276
362,194053,194060,12,-,UBR2,194056,193956,194156
363,201793,201800,12,-,ADE16,201796,201696,201896
364,234376,234383,12,-,PDC1,234380,234280,234480
365,247148,247155,12,-,FCF2,247152,247052,247252
366,320321,320328,12,-,ALT1,320324,320224,320424
367,368564,368571,12,-,YLR108C,368568,368468,368668
368,368615,368622,12,-,YLR108C,368618,368518,368718
369,439977,439984,12,-,YLR149C,439980,439880,440080
370,445252,445259,12,-,YLR152C,445256,445156,445356
371,500521,500528,12,-,UPS2,500524,500424,500624
372,534668,534675,12,-,ATG26,534672,534572,534772
373,554171,554178,12,-,HMX1,554174,554074,554274
374,646423,646430,12,-,YLR255C,646426,646326,646526
375,722451,722458,12,-,ATP14,722454,722354,722554
376,725763,725770,12,-,YHC1,725766,725666,725866
377,823130,823137,12,-,CIS1,823134,823034,823234
378,1043450,1043457,12,-,RIF2,1043454,1043354,1043554
379,263898,263905,13,+,YML002W,263902,263802,264002
380,209319,209326,13,+,SRC1,209322,209222,209422
381,91979,91986,13,+,UFO1,91982,91882,92082
382,32149,32156,13,+,NGL3,32152,32052,32252
383,29979,29986,13,+,YML119W,29982,29882,30082
384,334954,334961,13,+,HOF1,334958,334858,335058
385,505039,505046,13,+,ASI1,505042,504942,505142
386,537271,537278,13,+,ERG29,537274,537174,537374
387,547595,547602,13,+,SIP5,547598,547498,547698
388,608431,608438,13,+,DDR48,608434,608334,608534
389,608539,608546,13,+,DDR48,608542,608442,608642
390,649987,649994,13,+,MRPL24,649990,649890,650090
391,654839,654846,13,+,YMR196W,654842,654742,654942
392,661871,661878,13,+,CLN1,661874,661774,661974
393,675400,675407,13,+,YMR206W,675404,675304,675504
394,675504,675511,13,+,YMR206W,675508,675408,675608
395,793599,793606,13,+,YMR262W,793602,793502,793702
396,798123,798130,13,+,RSN1,798126,798026,798226
397,851983,851990,13,+,TDA1,851986,851886,852086
398,852364,852371,13,+,TDA1,852368,852268,852468
399,774140,774147,13,+,HOR7,774144,774044,774244
400,68281,68288,13,+,YML100W-A,68284,68184,68384
401,608431,608438,13,+,YMR173W-A,608434,608334,608534
402,608539,608546,13,+,YMR173W-A,608542,608442,608642
403,35837,35844,13,+,YML116W-A,35840,35740,35940
404,510990,510997,13,+,NCW1,510994,510894,511094
405,610488,610495,13,+,SIP18,610492,610392,610592
406,610645,610652,13,+,SIP18,610648,610548,610748
407,209319,209326,13,-,AMD1,209322,209222,209422
408,196066,196073,13,-,VPS71,196070,195970,196170
409,129649,129656,13,-,TCB3,129652,129552,129752
410,29979,29986,13,-,NDI1,29982,29882,30082
411,283127,283134,13,-,PLB1,283130,283030,283230
412,302956,302963,13,-,ERG5,302960,302860,303060
413,334954,334961,13,-,EIS1,334958,334858,335058
414,477905,477912,13,-,PGM2,477908,477808,478008
415,478007,478014,13,-,PGM2,478010,477910,478110
416,478136,478143,13,-,PGM2,478140,478040,478240
417,540112,540119,13,-,GID8,540116,540016,540216
418,557081,557088,13,-,NDE1,557084,556984,557184
419,675400,675407,13,-,PFK2,675404,675304,675504
420,675504,675511,13,-,PFK2,675508,675408,675608
421,784361,784368,13,-,ROY1,784364,784264,784464
422,793599,793606,13,-,TPS3,793602,793502,793702
423,798123,798130,13,-,YMR265C,798126,798026,798226
424,826700,826707,13,-,ATR2,826704,826604,826804
425,851983,851990,13,-,HAS1,851986,851886,852086
426,601229,601236,13,-,ALD3,601232,601132,601332
427,610488,610495,13,-,PAI3,610492,610392,610592
428,610645,610652,13,-,PAI3,610648,610548,610748
429,605222,605229,14,+,PBI2,605226,605126,605326
430,579292,579299,14,+,CRZ1,579296,579196,579396
431,573761,573768,14,+,SIW14,573764,573664,573864
432,532457,532464,14,+,COG5,532460,532360,532560
433,525504,525511,14,+,VAC7,525508,525408,525608
434,471336,471343,14,+,SAL1,471340,471240,471440
435,449694,449701,14,+,YPT53,449698,449598,449798
436,340222,340229,14,+,IGO1,340226,340126,340326
437,210050,210057,14,+,YNL234W,210054,209954,210154
438,91655,91662,14,+,SEC21,91658,91558,91758
439,65202,65209,14,+,TOS6,65206,65106,65306
440,652170,652177,14,+,YNR014W,652174,652074,652274
441,687620,687627,14,+,ABZ1,687624,687524,687724
442,631189,631196,14,+,YNR001W-A,631192,631092,631292
443,692148,692155,14,+,EGO4,692152,692052,692252
444,585922,585929,14,-,SSN8,585926,585826,586026
445,579292,579299,14,-,KTR5,579296,579196,579396
446,471336,471343,14,-,END3,471340,471240,471440
447,440992,440999,14,-,RAS2,440996,440896,441096
448,441004,441011,14,-,RAS2,441008,440908,441108
449,441012,441019,14,-,RAS2,441016,440916,441116
450,441034,441041,14,-,RAS2,441038,440938,441138
451,373820,373827,14,-,YNL134C,373824,373724,373924
452,264630,264637,14,-,NNR1,264634,264534,264734
453,258768,258775,14,-,RTT106,258772,258672,258872
454,65202,65209,14,-,RPL18B,65206,65106,65306
455,631189,631196,14,-,CIT1,631192,631092,631292
456,652170,652177,14,-,PHO91,652174,652074,652274
457,771960,771967,14,-,YNR071C,771964,771864,772064
458,687620,687627,14,-,HUB1,687624,687524,687724
459,296270,296277,15,+,IRC10,296274,296174,296374
460,274381,274388,15,+,LAG2,274384,274284,274484
461,244388,244395,15,+,PSK2,244392,244292,244492
462,161782,161789,15,+,PHM7,161786,161686,161886
463,77465,77472,15,+,VPS68,77468,77368,77568
464,58225,58232,15,+,ARG8,58228,58128,58328
465,343583,343590,15,+,TIR4,343586,343486,343686
466,364249,364256,15,+,ROD1,364252,364152,364352
467,447012,447019,15,+,CYT1,447016,446916,447116
468,464546,464553,15,+,SGO1,464550,464450,464650
469,479371,479378,15,+,WHI5,479374,479274,479474
470,494607,494614,15,+,ECM3,494610,494510,494710
471,517471,517478,15,+,PIN2,517474,517374,517574
472,517471,517478,15,+,YOR105W,517474,517374,517574
473,577836,577843,15,+,BAG7,577840,577740,577940
474,657115,657122,15,+,DCS2,657118,657018,657218
475,762527,762534,15,+,HER1,762530,762430,762630
476,877841,877848,15,+,YOR300W,877844,877744,877944
477,909000,909007,15,+,FAA1,909004,908904,909104
478,996978,996985,15,+,TFB6,996982,996882,997082
479,1050532,1050539,15,+,RDR1,1050536,1050436,1050636
480,1066761,1066768,15,+,PHR1,1066764,1066664,1066864
481,159015,159022,15,+,MHF1,159018,158918,159118
482,343583,343590,15,+,YOR008W-B,343586,343486,343686
483,296270,296277,15,-,CMK2,296274,296174,296374
484,274381,274388,15,-,MIM1,274384,274284,274484
485,159015,159022,15,-,DUF1,159018,158918,159118
486,38695,38702,15,-,YOL153C,38698,38598,38798
487,21832,21839,15,-,ENB1,21836,21736,21936
488,385176,385183,15,-,CIN5,385180,385080,385280
489,427476,427483,15,-,TMC1,427480,427380,427580
490,447012,447019,15,-,YNG1,447016,446916,447116
491,479371,479378,15,-,TGL5,479374,479274,479474
492,504672,504679,15,-,RKI1,504676,504576,504776
493,505029,505036,15,-,RKI1,505032,504932,505132
494,517471,517478,15,-,OST2,517474,517374,517574
495,618802,618809,15,-,ATG40,618806,618706,618906
496,671090,671097,15,-,GAC1,671094,670994,671194
497,682246,682253,15,-,GSP2,682250,682150,682350
498,762527,762534,15,-,ISU2,762530,762430,762630
499,825383,825390,15,-,HRK1,825386,825286,825486
500,959846,959853,15,-,UBC11,959850,959750,959950
501,986634,986641,15,-,PYK2,986638,986538,986738
502,231925,231932,15,-,DDR2,231928,231828,232028
503,232222,232229,15,-,DDR2,232226,232126,232326
504,877841,877848,15,-,MBF1,877844,877744,877944
505,15792,15799,15,-,YOL159C-A,15796,15696,15896
506,527176,527183,16,+,CIP1,527180,527080,527280
507,455178,455185,16,+,LEE1,455182,455082,455282
508,404494,404501,16,+,RPS9A,404498,404398,404598
509,404532,404539,16,+,RPS9A,404536,404436,404636
510,373238,373245,16,+,SSU1,373242,373142,373342
511,237263,237270,16,+,ATG29,237266,237166,237366
512,165975,165982,16,+,TPK2,165978,165878,166078
513,114814,114821,16,+,USV1,114818,114718,114918
514,115053,115060,16,+,USV1,115056,114956,115156
515,641511,641518,16,+,GLN1,641514,641414,641614
516,677019,677026,16,+,FCY1,677022,676922,677122
517,677019,677026,16,+,YPR064W,677022,676922,677122
518,860760,860767,16,+,GPH1,860764,860664,860864
519,860948,860955,16,+,GPH1,860952,860852,861052
520,906899,906906,16,+,ATG13,906902,906802,907002
521,645506,645513,16,+,SPO24,645510,645410,645610
522,645550,645557,16,+,SPO24,645554,645454,645654
523,860760,860767,16,+,YPR160W-A,860764,860664,860864
524,860948,860955,16,+,YPR160W-A,860952,860852,861052
525,527176,527183,16,-,HST2,527180,527080,527280
526,455178,455185,16,-,LGE1,455182,455082,455282
527,404494,404501,16,-,MOT1,404498,404398,404598
528,404532,404539,16,-,MOT1,404536,404436,404636
529,347674,347681,16,-,MCO76,347678,347578,347778
530,308425,308432,16,-,TBF1,308428,308328,308528
531,261278,261285,16,-,PEP4,261282,261182,261382
532,237263,237270,16,-,REV3,237266,237166,237366
533,84334,84341,16,-,YPL247C,84338,84238,84438
534,84341,84348,16,-,YPL247C,84344,84244,84444
535,567065,567072,16,-,HAL1,567068,566968,567168
536,677019,677026,16,-,JID1,677022,676922,677122
537,678895,678902,16,-,YPR063C,678898,678798,678998
538,695007,695014,16,-,TKL1,695010,694910,695110
